"Client","pred_Revenue_CC","pred_Revenue_CL","pred_Revenue_MF","pred_Sale_CC","pred_Sale_CL","pred_Sale_MF","expectedRevenue_CC","expectedRevenue_CL","expectedRevenue_MF","expectedRevenue","recommendedOffer","target"
"766",3.65948803571428,1.57310526190476,46.4425980297619,0.146,0.08,0.604,0.534285253214286,0.125848420952381,28.0513292099762,28.0513292099762,"MF","Yes"
"206",28.8094922282361,6.1679990952381,8.5669363095238,0.956,0.078,0.486,27.5418745701937,0.481103929428572,4.16353104642857,27.5418745701937,"CC","Yes"
"1508",1.97728276479577,4.28154613095238,41.8522895595238,0.454,0.102,0.554,0.89768637521728,0.436717705357143,23.1861684159762,23.1861684159762,"MF","Yes"
"84",58.4598362150232,4.67507622619048,6.6937580573593,0.362,0.434,0.92,21.1624607098384,2.02898308216667,6.15825741277056,21.1624607098384,"CC","Yes"
"1460",65.5095025238096,2.77837103571429,2.08490443452381,0.306,0.268,0.898,20.0459077722857,0.744603437571429,1.87224418220238,20.0459077722857,"CC","Yes"
"1389",23.9272719761905,2.41432766666667,3.98000483333333,0.82,0.286,0.798,19.6203630204762,0.690497712666666,3.176043857,19.6203630204762,"CC","Yes"
"1093",4.3517361207483,7.1219640595238,28.594758452381,0.568,0.084,0.642,2.47178611658503,0.598244980999999,18.3578349264286,18.3578349264286,"MF","Yes"
"197",21.314720047619,12.6029789285714,5.78806564285714,0.82,0.124,0.27,17.4780704390476,1.56276938714286,1.56277772357143,17.4780704390476,"CC","Yes"
"488",22.7415268809524,2.76552080952381,1.05383514285714,0.64,0.234,0.946,14.5545772038095,0.647131869428571,0.996928045142857,14.5545772038095,"CC","Yes"
"265",1.35633844047619,6.14544948809524,14.9067103392857,0.296,0.36,0.976,0.401476178380952,2.21236181571429,14.5489492911428,14.5489492911428,"MF","Yes"
"516",27.3608624523809,3.70631129761905,1.71797806547619,0.52,0.298,0.906,14.2276484752381,1.10448076669048,1.55648812732143,14.2276484752381,"CC","Yes"
"931",16.4493896071429,2.60658169047619,1.13425721428571,0.772,0.112,0.774,12.6989287767143,0.291937149333333,0.877915083857143,12.6989287767143,"CC","Yes"
"1071",32.493868797619,4.43730286904762,6.11217264880952,0.384,0.526,0.504,12.4776456182857,2.33402130911905,3.080535015,12.4776456182857,"CC","Yes"
"1365",21.8940360952381,5.43471982142858,1.41894104166667,0.566,0.45,0.84,12.3920244299048,2.44562391964286,1.191910475,12.3920244299048,"CC","Yes"
"785",4.60785657142857,5.03831661904762,22.1336667619048,0.396,0.414,0.558,1.82471120228571,2.08586308028571,12.3505860531429,12.3505860531429,"MF","Yes"
"153",22.234953,9.00885783333333,6.30116549404762,0.536,0.576,0.81,11.917934808,5.189102112,5.10394405017857,11.917934808,"CC","Yes"
"1445",22.2705324739031,3.66925038095238,5.0504065,0.53,0.182,0.876,11.8033822111686,0.667803569333333,4.424156094,11.8033822111686,"CC","Yes"
"1455",16.8449192380952,12.9224985119048,1.90255216666667,0.696,0.752,0.486,11.7240637897143,9.71771888095238,0.924640353,11.7240637897143,"CC","Yes"
"331",10.9967218690476,8.08470692857143,12.6696564583334,0.39,0.376,0.91,4.28872152892857,3.03984980514286,11.5293873770834,11.5293873770834,"MF","Yes"
"940",13.4789477142857,4.73108933333333,10.3963358869048,0.3,0.334,0.976,4.04368431428572,1.58018383733333,10.146823825619,10.146823825619,"MF","Yes"
"532",4.72295753571428,12.133578452381,27.3508865714286,0.832,0.36,0.37,3.92950066971428,4.36808824285715,10.1198280314286,10.1198280314286,"MF","Yes"
"217",4.70567830952381,19.0735165476191,9.81277501785713,0.848,0.504,0.24,3.99041520647619,9.61305234000001,2.35506600428571,9.61305234000001,"CL","Yes"
"1410",9.57584363095238,4.49997663095238,7.91307179166665,0.974,0.178,0.482,9.32687169654761,0.800995840309524,3.81410060358333,9.32687169654761,"CC","Yes"
"541",25.639242659864,6.68121538095239,6.00099848299319,0.36,0.494,0.784,9.23012735755102,3.30052039819048,4.70478281066666,9.23012735755102,"CC","Yes"
"707",1.33502241666667,2.99501648809524,9.77742384523809,0.318,0.142,0.938,0.4245371285,0.425292341309524,9.17122356683333,9.17122356683333,"MF","Yes"
"307",1.65643465031397,4.5815048452381,9.46466018922306,0.448,0.278,0.942,0.742082723340659,1.27365834697619,8.91570989824812,8.91570989824812,"MF","Yes"
"314",0.920565095238094,9.71959180952381,0.713195238095238,0.126,0.896,0.94,0.115991202,8.70875426133333,0.670403523809524,8.70875426133333,"CL","Yes"
"813",9.48689816666666,3.63524076190476,3.68597763690476,0.9,0.258,0.682,8.53820834999999,0.937892116571428,2.51383674836905,8.53820834999999,"CC","Yes"
"803",2.04595244047619,4.9820876547619,8.81630876190476,0.362,0.278,0.966,0.740634783452381,1.38502036802381,8.516554264,8.516554264,"MF","Yes"
"224",2.11223716666667,7.89200442857142,9.17142427976191,0.32,0.328,0.924,0.675915893333333,2.58857745257143,8.4743960345,8.4743960345,"MF","Yes"
"1510",14.7773128095238,6.23842948809524,9.71180949404761,0.572,0.432,0.444,8.45262292704761,2.69500153885715,4.31204341535714,8.45262292704761,"CC","Yes"
"128",23.2363563095238,1.49527094047619,1.22414010714286,0.362,0.136,0.974,8.41156098404761,0.203356847904762,1.19231246435714,8.41156098404761,"CC","Yes"
"505",7.22922853571428,3.7375650952381,10.0560811981293,0.808,0.236,0.83,5.84121665685714,0.882065362476191,8.34654739444728,8.34654739444728,"MF","Yes"
"383",29.5581762023809,6.01842808333333,8.19777565476192,0.278,0.482,0.598,8.2171729842619,2.90088233616667,4.90226984154763,8.2171729842619,"CC","Yes"
"267",1.99914867857143,3.8070809047619,8.32847861309523,0.312,0.16,0.976,0.623734387714286,0.609132944761904,8.12859512638094,8.12859512638094,"MF","Yes"
"929",2.68478779054279,3.7629949047619,8.64809707017543,0.326,0.2,0.93,0.87524081971695,0.752598980952381,8.04273027526315,8.04273027526315,"MF","Yes"
"313",12.4711346547619,3.61131390476191,8.37627387878787,0.364,0.292,0.96,4.53949301433333,1.05450366019048,8.04122292363636,8.04122292363636,"MF","Yes"
"484",21.4257989761905,1.74819034523809,1.20871101785714,0.372,0.258,0.966,7.97039721914286,0.451033109071428,1.16761484325,7.97039721914286,"CC","Yes"
"1569",2.96558995238095,9.20000127380953,4.86894116666667,0.468,0.858,0.778,1.38789609771429,7.89360109292857,3.78803622766667,7.89360109292857,"CL","Yes"
"851",10.1922971309524,5.43399628571429,4.57541199404762,0.76,0.15,0.636,7.7461458195238,0.815099442857143,2.90996202821429,7.7461458195238,"CC","Yes"
"530",1.5968044241235,5.98252155952381,8.78236541541354,0.288,0.75,0.878,0.459879674147567,4.48689116964286,7.71091683473309,7.71091683473309,"MF","Yes"
"1358",0.666318275510204,5.49457234523809,7.81654569815162,0.432,0.316,0.958,0.287849495020408,1.73628486109524,7.48825077882926,7.48825077882926,"MF","Yes"
"110",6.26140090476191,5.15195238095238,19.844972672619,0.336,0.126,0.374,2.103830704,0.649146,7.42201977955952,7.42201977955952,"MF","Yes"
"1341",1.39595869047619,16.6973190119048,4.84077738095238,0.542,0.444,0.292,0.756609610238095,7.41360964128572,1.41350699523809,7.41360964128572,"CL","Yes"
"674",1.96625303571429,10.6654791071429,2.73611529761905,0.728,0.688,0.772,1.43143221,7.33784962571428,2.11228100976191,7.33784962571428,"CL","Yes"
"336",13.0369860357143,2.50609122619048,1.3876977797619,0.554,0.13,0.86,7.22249026378571,0.325791859404762,1.19342009059524,7.22249026378571,"CC","Yes"
"1119",9.64096804761905,10.3138218928571,6.36438252380952,0.334,0.674,0.966,3.22008332790476,6.95151595578571,6.147993518,6.95151595578571,"CL","Yes"
"155",0.856711666666667,3.76242478571429,7.10428693452381,0.294,0.12,0.978,0.25187323,0.451490974285714,6.94799262196428,6.94799262196428,"MF","Yes"
"1162",19.6652174880952,4.64549439285714,1.17544619642857,0.348,0.246,0.948,6.84349568585714,1.14279162064286,1.11432299421428,6.84349568585714,"CC","Yes"
"496",14.8858631904762,6.68241816666666,6.74811717857143,0.456,0.614,0.394,6.78795361485715,4.10300475433333,2.65875816835714,6.78795361485715,"CC","Yes"
"196",1.21697980952381,1.45099339285714,11.9804650773809,0.442,0.102,0.566,0.537905075809524,0.148001326071429,6.78094323379761,6.78094323379761,"MF","Yes"
"330",10.7157745238095,9.83749405952381,21.7325639642857,0.568,0.468,0.312,6.08655992952381,4.60394721985714,6.78055995685715,6.78055995685715,"MF","Yes"
"435",1.12412652380952,2.95089527380952,6.91731179761905,0.308,0.17,0.97,0.346230969333334,0.501652196547619,6.70979244369047,6.70979244369047,"MF","Yes"
"1008",3.59919372619047,4.54156321428571,10.8530785654762,0.456,0.334,0.618,1.64123233914286,1.51688211357143,6.70720255346428,6.70720255346428,"MF","Yes"
"1098",1.31386382142857,4.07415297619048,12.8875645654762,0.496,0.6,0.514,0.651676455428571,2.44449178571429,6.62420818665476,6.62420818665476,"MF","Yes"
"91",1.25930772619048,3.26888165476191,6.65156130952381,0.276,0.214,0.986,0.347568932428571,0.699540674119048,6.55843945119048,6.55843945119048,"MF","Yes"
"41",1.35462192857143,10.5692598928571,2.19917213095238,0.408,0.618,0.954,0.552685746857143,6.53180261378571,2.09801021292857,6.53180261378571,"CL","Yes"
"19",6.70294123809524,6.26898696428572,3.53338220238095,0.972,0.04,0.47,6.51525888342857,0.250759478571429,1.66068963511905,6.51525888342857,"CC","Yes"
"51",12.2196418928571,1.92021763095238,6.6803054047619,0.49,0.208,0.96,5.9876245275,0.399405267238095,6.41309318857143,6.41309318857143,"MF","Yes"
"1414",6.68301061904762,4.4811671547619,6.63458489880952,0.94,0.178,0.63,6.28202998190476,0.797647753547619,4.17978848625,6.28202998190476,"CC","Yes"
"1073",19.3871678690476,4.2720614047619,5.08470698214286,0.324,0.328,0.87,6.28144238957143,1.4012361407619,4.42369507446428,6.28144238957143,"CC","Yes"
"161",2.06409692857143,5.39650769047619,6.47402589880953,0.11,0.916,0.962,0.227050662142857,4.94320104447619,6.22801291465477,6.22801291465477,"MF","Yes"
"362",0.956171226190476,4.18708322619048,6.78195586309524,0.548,0.558,0.916,0.523981831952381,2.33639244021429,6.21227157059524,6.21227157059524,"MF","Yes"
"382",6.83798714285714,3.1030020952381,2.52285802380952,0.878,0.054,0.626,6.00375271142857,0.167562113142857,1.57930912290476,6.00375271142857,"CC","Yes"
"164",2.44709892857143,9.97198938095238,1.63121850595238,0.426,0.6,0.696,1.04246414357143,5.98319362857143,1.13532808014286,5.98319362857143,"CL","Yes"
"506",9.22725907142856,3.56763296428571,7.08665504761904,0.644,0.736,0.48,5.94235484199999,2.62577786171428,3.40159442285714,5.94235484199999,"CC","Yes"
"1200",5.81085825,5.04809779761905,7.0836660297619,0.176,0.944,0.834,1.022711052,4.76540432095238,5.90777746882143,5.90777746882143,"MF","Yes"
"543",3.02576201190476,6.82601309523809,3.79414909523809,0.064,0.86,0.972,0.193648768761905,5.87037126190476,3.68791292057143,5.87037126190476,"CL","Yes"
"454",9.92698601190477,5.65856655952381,6.25535461309524,0.384,0.138,0.936,3.81196262857143,0.780882185214285,5.85501191785714,5.85501191785714,"MF","Yes"
"919",15.7168044880952,1.98127948809524,1.68756970833333,0.364,0.242,0.966,5.72091683366667,0.479469636119048,1.63019233825,5.72091683366667,"CC","Yes"
"57",2.89187527380953,4.88688066666666,5.88401931547619,0.392,0.528,0.972,1.13361510733333,2.580272992,5.71926677464285,5.71926677464285,"MF","Yes"
"1518",3.49297852891156,2.19016419047619,6.02341157142857,0.356,0.324,0.948,1.24350035629252,0.709613197714286,5.71019416971428,5.71019416971428,"MF","Yes"
"463",17.1461795765306,1.92620584523809,4.51252605952381,0.332,0.222,0.972,5.69253161940816,0.427617697642857,4.38617532985714,5.69253161940816,"CC","Yes"
"1132",5.45850629761905,5.67260590476191,8.54952070238095,0.112,0.376,0.66,0.611352705333334,2.13289982019048,5.64268366357142,5.64268366357142,"MF","Yes"
"1339",8.34803686904762,3.67537280952381,4.63312414880952,0.674,0.086,0.87,5.62657684973809,0.316082061619048,4.03081800946428,5.62657684973809,"CC","Yes"
"690",6.89379330952381,1.6497020952381,5.89697310119047,0.442,0.22,0.954,3.04705664280952,0.362934460952381,5.62571233853571,5.62571233853571,"MF","Yes"
"996",12.8137598095238,5.32713311904762,3.23665878571429,0.438,0.206,0.86,5.61242679657143,1.09738942252381,2.78352655571428,5.61242679657143,"CC","Yes"
"862",2.3312060952381,2.08674317857143,5.7973415952381,0.31,0.196,0.962,0.72267388952381,0.409001663,5.57704261461905,5.57704261461905,"MF","Yes"
"243",8.30419071428571,15.4521241309524,2.89733440476191,0.664,0.204,0.306,5.51398263428571,3.15223332271429,0.886584327857143,5.51398263428571,"CC","Yes"
"100",2.20762111904762,2.13589372619048,6.11697944047619,0.252,0.144,0.89,0.556320522,0.307568696571429,5.44411170202381,5.44411170202381,"MF","Yes"
"1002",11.8351831309524,1.92723488095238,1.19534619047619,0.458,0.426,0.84,5.42051387397619,0.821002059285714,1.0040908,5.42051387397619,"CC","Yes"
"353",3.19054636904762,6.46467761904762,5.01728996428571,0.188,0.826,0.924,0.599822717380952,5.33982371333333,4.635975927,5.33982371333333,"CL","Yes"
"1145",0.652338202380953,1.05829001190476,5.35402169642857,0.304,0.136,0.984,0.19831081352381,0.143927441619048,5.26835734928572,5.26835734928572,"MF","Yes"
"1551",2.17179190476191,2.41977070238095,5.37508088690476,0.334,0.204,0.98,0.725378496190477,0.493633223285714,5.26757926916667,5.26757926916667,"MF","Yes"
"933",1.37777417857143,3.10085333333333,5.38226344642857,0.316,0.246,0.974,0.435376640428571,0.76280992,5.24232459682143,5.24232459682143,"MF","Yes"
"150",11.3070191071429,6.82279304761904,5.35061379761905,0.33,0.382,0.978,3.73131630535714,2.60630694419047,5.23290029407143,5.23290029407143,"MF","Yes"
"239",3.00498005952381,5.67442525,3.42650454166667,0.106,0.922,0.952,0.318527886309524,5.2318200805,3.26203232366667,5.2318200805,"CL","Yes"
"528",2.20403776190476,4.91154795238095,5.39318245238095,0.364,0.188,0.968,0.802269745333334,0.923371015047619,5.22060061390476,5.22060061390476,"MF","Yes"
"545",5.78692259523809,6.47770347619048,1.66050660119048,0.888,0.43,0.726,5.13878726457143,2.78541249476191,1.20552779246429,5.13878726457143,"CC","Yes"
"697",1.78092032142857,11.4396874404762,6.50273716071429,0.446,0.448,0.674,0.794290463357142,5.12497997333333,4.38284484632143,5.12497997333333,"CL","Yes"
"1226",10.7448216547619,8.10808847619048,5.57339757738095,0.178,0.496,0.914,1.91257825454762,4.02161188419048,5.09408538572619,5.09408538572619,"MF","Yes"
"791",7.65527602380952,6.71181533333333,6.69303782738095,0.302,0.216,0.756,2.31189335919048,1.449752112,5.0599365975,5.0599365975,"MF","Yes"
"389",6.37342226190477,11.7402471190476,3.60162517857143,0.792,0.13,0.598,5.04775043142858,1.52623212547619,2.15377185678571,5.04775043142858,"CC","Yes"
"394",1.15933875,6.25348016666667,6.59129306547619,0.32,0.602,0.764,0.3709884,3.76459506033333,5.03574790202381,5.03574790202381,"MF","Yes"
"373",13.7357301071429,5.70612352380952,5.33596194642857,0.366,0.184,0.922,5.02727721921429,1.04992672838095,4.91975691460715,5.02727721921429,"CC","Yes"
"842",16.7507409880952,2.71891739705882,0.871381958333333,0.3,0.228,0.972,5.02522229642857,0.619913166529412,0.8469832635,5.02522229642857,"CC","Yes"
"635",1.73808215476191,3.60795328571429,5.13760019389992,0.284,0.24,0.978,0.493615331952382,0.865908788571429,5.02457298963413,5.02457298963413,"MF","No"
"1468",11.6097383809524,1.78096488095238,5.17571543452381,0.322,0.222,0.968,3.73833575866667,0.395374203571428,5.01009254061905,5.01009254061905,"MF","No"
"1080",16.7556247006803,2.78492705182073,0.50864019047619,0.298,0.24,0.964,4.99317616080272,0.668382492436975,0.490329143619048,4.99317616080272,"CC","No"
"1156",0.923631297619047,3.93368089285714,5.15718189285714,0.322,0.106,0.956,0.297409277833333,0.416970174642857,4.93026588957142,4.93026588957142,"MF","No"
"368",1.40680632730365,2.38942746428571,4.98053491494971,0.302,0.144,0.976,0.424855510845702,0.344077554857143,4.86100207699092,4.86100207699092,"MF","No"
"978",5.49662982142857,8.35812011904763,3.27989667857143,0.884,0.036,0.186,4.85902076214286,0.300892324285715,0.610060782214285,4.85902076214286,"CC","No"
"1101",1.82555179591837,4.03226011904762,5.07107251830469,0.27,0.154,0.958,0.49289898489796,0.620968058333333,4.85808747253589,4.85808747253589,"MF","No"
"701",5.2838731547619,6.0651924047619,5.64782307738095,0.91,0.212,0.62,4.80832457083333,1.28582078980952,3.50165030797619,4.80832457083333,"CC","No"
"562",2.24487813095238,8.69543108333333,2.25978944642857,0.438,0.552,0.918,0.983256621357143,4.799877958,2.07448671182143,4.799877958,"CL","No"
"146",1.22439104761905,2.6610304047619,4.91795551785714,0.266,0.162,0.974,0.325688018666667,0.431086925571429,4.79008867439286,4.79008867439286,"MF","No"
"1096",1.17176398809524,9.25795907142857,0.525163964285714,0.242,0.516,0.802,0.283566885119048,4.77710688085714,0.421181499357143,4.77710688085714,"CL","No"
"216",10.2941000357143,2.26664441666667,4.85857347619048,0.372,0.36,0.976,3.82940521328571,0.81599199,4.74196771276191,4.74196771276191,"MF","No"
"1546",5.09848247619048,2.26678497619048,5.98693321513605,0.78,0.138,0.786,3.97681633142857,0.312816326714286,4.70572950709694,4.70572950709694,"MF","No"
"1243",2.90052332142857,6.48332323809524,4.97544105357143,0.318,0.216,0.94,0.922366416214286,1.40039781942857,4.67691459035715,4.67691459035715,"MF","No"
"16",2.7350971547619,5.19748257142857,0.575871041666667,0.382,0.898,0.818,1.04480711311905,4.66733934914286,0.471062512083333,4.66733934914286,"CL","No"
"381",10.0015425833333,3.29429914285714,9.65939227380951,0.466,0.364,0.48,4.66071884383333,1.199124888,4.63650829142856,4.66071884383333,"CC","No"
"456",1.44263517857143,5.42968648809524,4.98689123809524,0.108,0.856,0.852,0.155804599285714,4.64781163380952,4.24883133485714,4.64781163380952,"CL","No"
"350",3.80994008333333,7.72857772619048,2.779943375,0.488,0.596,0.932,1.85925076066667,4.60623232480953,2.5909072255,4.60623232480953,"CL","No"
"1300",2.06829153571429,3.12658169047619,4.7488329702381,0.358,0.176,0.966,0.740448369785715,0.550278377523809,4.58737264925,4.58737264925,"MF","No"
"1610",1.03143678571429,2.36071354761905,7.36096604166666,0.242,0.442,0.622,0.249607702142857,1.04343538804762,4.57852087791666,4.57852087791666,"MF","No"
"616",1.63813986027068,1.15828447619048,4.68931952336808,0.298,0.148,0.976,0.488165678360663,0.17142610247619,4.57677585480724,4.57677585480724,"MF","No"
"117",2.11197317857143,5.55841142857142,4.92794561309524,0.406,0.512,0.916,0.8574611105,2.84590665142857,4.51399818159524,4.51399818159524,"MF","No"
"1321",3.13044088095238,6.32088073809524,4.6711000297619,0.286,0.208,0.96,0.895306091952381,1.31474319352381,4.48425602857143,4.48425602857143,"MF","No"
"633",5.20745005952381,5.23445477380952,6.69076572023809,0.86,0.072,0.452,4.47840705119047,0.376880743714286,3.02422610554762,4.47840705119047,"CC","No"
"140",7.85320189285715,6.13482255952381,1.40268941071429,0.568,0.214,0.682,4.46061867514286,1.3128520277381,0.956634178107144,4.46061867514286,"CC","No"
"25",2.973485,6.16652292857143,5.8350784345238,0.404,0.266,0.76,1.20128794,1.640295099,4.43465961023809,4.43465961023809,"MF","No"
"828",14.7519877568027,8.26460148809523,2.88080338095238,0.298,0.396,0.954,4.39609235152721,3.27278218928571,2.74828642542857,4.39609235152721,"CC","No"
"1129",5.39395898809524,2.65282679761905,4.19270413095238,0.812,0.132,0.866,4.37989469833334,0.350173137285714,3.63088177740476,4.37989469833334,"CC","No"
"411",7.08302717857143,3.8896838452381,6.58860332142857,0.618,0.182,0.414,4.37731079635715,0.707922459833333,2.72768177507143,4.37731079635715,"CC","No"
"596",2.23914108333333,2.56923353571429,14.6452502083333,0.166,0.1,0.298,0.371697419833334,0.256923353571429,4.36428456208333,4.36428456208333,"MF","No"
"695",2.33987082142857,4.05096742857143,4.60889002380953,0.278,0.192,0.944,0.650484088357143,0.777785746285714,4.35079218247619,4.35079218247619,"MF","No"
"329",1.55712603571429,4.34424263095238,4.56095367857143,0.454,0.268,0.948,0.706935220214286,1.16425702509524,4.32378408728571,4.32378408728571,"MF","No"
"1373",7.99283397619047,6.26958808333333,3.27661555357143,0.532,0.682,0.412,4.25218767533333,4.27585907283333,1.34996560807143,4.27585907283333,"CL","No"
"951",4.88449777380952,6.89031464285715,2.75973575595238,0.868,0.258,0.686,4.23974406766667,1.77770117785714,1.89317872858333,4.23974406766667,"CC","No"
"276",1.76275813095238,4.7900234047619,0.404700148809524,0.036,0.882,0.98,0.0634592927142857,4.224800643,0.396606145833333,4.224800643,"CL","No"
"1133",5.70413017857143,4.86343695238095,2.62686744642857,0.142,0.868,0.958,0.809986485357143,4.22146327466667,2.51653901367857,4.22146327466667,"CL","No"
"227",1.80454728571429,3.41118030952381,4.46089959993734,0.38,0.314,0.942,0.685727968571429,1.07111061719048,4.20216742314097,4.20216742314097,"MF","No"
"967",7.32587576190477,6.49012680952381,0.553271148809524,0.57,0.576,0.324,4.17574918428572,3.73831304228571,0.179259852214286,4.17574918428572,"CC","No"
"886",4.94911098809524,7.90020903571429,1.50785401785714,0.842,0.116,0.57,4.16715145197619,0.916424248142858,0.859476790178571,4.16715145197619,"CC","No"
"64",1.27144880952381,3.22876544047619,4.22261315476191,0.342,0.286,0.986,0.434835492857143,0.923426915976191,4.16349657059524,4.16349657059524,"MF","No"
"640",5.1038429047619,1.84282251190476,3.30014935588972,0.812,0.154,0.772,4.14432043866667,0.283794666833333,2.54771530274687,4.14432043866667,"CC","No"
"1077",7.23560207142856,4.5426733452381,1.52485093452381,0.572,0.586,0.474,4.13876438485714,2.66200658030952,0.722779342964285,4.13876438485714,"CC","No"
"1588",2.79853547619048,4.19265284523809,5.53997785714285,0.828,0.058,0.746,2.31718737428571,0.243173865023809,4.13282348142857,4.13282348142857,"MF","No"
"622",1.0835646547619,3.29723777380952,4.18469342857143,0.29,0.124,0.984,0.314233749880952,0.408857483952381,4.11773833371429,4.11773833371429,"MF","No"
"200",2.22272994047619,5.43144247619047,8.08417642857142,0.3,0.392,0.506,0.666818982142857,2.12912545066667,4.09059327285714,4.09059327285714,"MF","No"
"668",2.26151472619048,8.03960239285714,5.10952475595238,0.744,0.508,0.63,1.68256695628572,4.08411801557143,3.21900059625,4.08411801557143,"CL","No"
"620",15.1294946309524,5.14562159943977,1.23820339880952,0.268,0.248,0.968,4.05470456109524,1.27611415666106,1.19858089004762,4.05470456109524,"CC","No"
"1107",8.47387674999999,4.13492765476191,2.63858845833333,0.478,0.314,0.94,4.0505130865,1.29836728359524,2.48027315083333,4.0505130865,"CC","No"
"1057",1.12449914285714,2.39977445238095,4.18490976235231,0.376,0.23,0.966,0.422811677714286,0.551948124047619,4.04262283043233,4.04262283043233,"MF","No"
"352",4.54367135714286,9.88134346428572,1.44216723809524,0.884,0.084,0.608,4.01660547971429,0.830032851000001,0.876837680761904,4.01660547971429,"CC","No"
"655",1.47351925,5.8897804047619,4.25361997619048,0.354,0.314,0.944,0.5216258145,1.84939104709524,4.01541725752381,4.01541725752381,"MF","No"
"1332",1.92953795238095,6.82238121428571,3.50005870238095,0.39,0.584,0.978,0.752519801428572,3.98427062914286,3.42305741092857,3.98427062914286,"CL","No"
"340",4.81861282142857,2.21214007142857,5.43453811904761,0.824,0.022,0.558,3.97053696485714,0.0486670815714286,3.03247227042857,3.97053696485714,"CC","No"
"878",0.624815952380952,9.52846733333333,0.890107095238095,0.174,0.416,0.966,0.108717975714286,3.96384241066667,0.859843454,3.96384241066667,"CL","No"
"910",1.21665896428571,2.17949269047619,4.25580977380953,0.428,0.152,0.918,0.520730036714285,0.331282888952381,3.90683337235715,3.90683337235715,"MF","No"
"286",1.06865182900433,2.41305196428571,3.93821375044755,0.25,0.236,0.976,0.267162957251082,0.569480263571428,3.8436966204368,3.8436966204368,"MF","No"
"1385",2.30879063095238,6.66014021428571,2.96486035714286,0.554,0.576,0.95,1.27907000954762,3.83624076342857,2.81661733928571,3.83624076342857,"CL","No"
"916",5.95374164285714,6.13808279761905,1.15563563690476,0.642,0.316,0.69,3.82230213471429,1.93963416404762,0.797388589464286,3.82230213471429,"CC","No"
"1252",1.93372594047619,7.43384592857143,4.36475694047619,0.606,0.194,0.872,1.17183791992857,1.44216611014286,3.80606805209524,3.80606805209524,"MF","No"
"779",2.27270169047619,6.90676829761905,4.17515933333334,0.498,0.55,0.872,1.13180544185714,3.79872256369048,3.64073893866667,3.79872256369048,"CL","No"
"1134",1.40895838095238,6.26812758333333,3.54201686309524,0.342,0.606,0.662,0.481863766285714,3.7984853155,2.34481516336905,3.7984853155,"CL","No"
"583",7.11027457142858,6.67843282142857,4.00206310714286,0.232,0.564,0.918,1.64958370057143,3.76663611128571,3.67389393235714,3.76663611128571,"CL","No"
"1458",1.61272146428571,5.35503245238095,5.5276477797619,0.31,0.602,0.678,0.499943653928571,3.22372953633333,3.74774519467857,3.74774519467857,"MF","No"
"759",3.9191378452381,3.68042173809524,3.76337847619048,0.32,0.218,0.964,1.25412411047619,0.802331938904762,3.62789685104762,3.62789685104762,"MF","No"
"587",3.96225570238096,4.58710742857143,4.1549614702381,0.914,0.056,0.586,3.62150171197619,0.256878016,2.43480742155953,3.62150171197619,"CC","No"
"1343",0.705851380952381,6.39798546428571,4.51753257142857,0.368,0.566,0.614,0.259753308190476,3.62125977278571,2.77376499885714,3.62125977278571,"CL","No"
"786",2.85033651190476,6.37995492857143,3.97999532142857,0.616,0.37,0.908,1.75580729133333,2.36058332357143,3.61383575185714,3.61383575185714,"MF","No"
"923",1.63902438095238,11.5830876428571,5.69037426190476,0.212,0.31,0.634,0.347473168761905,3.59075716928571,3.60769728204762,3.60769728204762,"MF","No"
"866",9.77783066666666,7.77244111904761,1.57323213690476,0.368,0.424,0.928,3.59824168533333,3.29551503447619,1.45995942304762,3.59824168533333,"CC","No"
"125",2.09140755952381,4.58347063095238,4.01061611904762,0.334,0.258,0.896,0.698530124880952,1.18253542278571,3.59351204266667,3.59351204266667,"MF","No"
"1076",4.01694870238096,3.01071796428572,2.08918691071429,0.89,0.036,0.594,3.57508434511905,0.108385846714286,1.24097702496429,3.57508434511905,"CC","No"
"1181",2.00513473809524,2.30423622619048,3.65425247619048,0.188,0.272,0.978,0.376965330761905,0.626752253523809,3.57385892171429,3.57385892171429,"MF","No"
"756",2.23123522619048,7.17316882142857,2.87634654761905,0.296,0.498,0.584,0.660445626952381,3.57223807307143,1.67978638380953,3.57223807307143,"CL","No"
"1597",7.95329269047619,6.77697310714285,1.5672625952381,0.448,0.282,0.946,3.56307512533333,1.91110641621428,1.48263041509524,3.56307512533333,"CC","No"
"1390",4.56337002380952,2.48295982142857,3.71624588095238,0.322,0.278,0.958,1.46940514766667,0.690262830357143,3.56016355395238,3.56016355395238,"MF","No"
"126",8.8477163452381,8.18195060714285,0.945698023809524,0.402,0.386,0.928,3.55678197078572,3.15823293435714,0.877607766095238,3.55678197078572,"CC","No"
"957",5.14593225,3.98741339285714,4.26826542261905,0.688,0.556,0.754,3.540401388,2.21700184642857,3.21827212865476,3.540401388,"CC","No"
"1435",5.45287403571429,2.248147,3.58248729761905,0.316,0.366,0.982,1.72310819528571,0.822821802,3.5180025262619,3.5180025262619,"MF","No"
"603",0.599257035714286,5.42418079761905,3.66945809398496,0.424,0.22,0.956,0.254084983142857,1.19331977547619,3.50800193784962,3.50800193784962,"MF","No"
"681",3.7119755952381,3.92293296428571,1.01318564285714,0.096,0.892,0.56,0.356349657142857,3.49925620414286,0.56738396,3.49925620414286,"CL","No"
"1586",0.800328523809524,4.22939686904762,3.61814011904762,0.274,0.216,0.964,0.21929001552381,0.913549723714285,3.48788707476191,3.48788707476191,"MF","No"
"1289",6.47904077380952,7.72592653571429,1.83237451190476,0.536,0.376,0.55,3.4727658547619,2.90494837742857,1.00780598154762,3.4727658547619,"CC","No"
"30",7.84469338095239,4.45706986904762,3.4371655952381,0.44,0.526,0.904,3.45166508761905,2.34441875111905,3.10719769809524,3.45166508761905,"CC","No"
"1543",5.21269804761905,6.83376817857143,3.660696375,0.404,0.354,0.942,2.1059300112381,2.41915393521429,3.44837598525,3.44837598525,"MF","No"
"1112",3.88047708333333,6.47337748809524,3.45426644642857,0.884,0.084,0.662,3.43034174166667,0.543763709,2.28672438753571,3.43034174166667,"CC","No"
"431",11.8325233877551,4.76043920238096,1.90400021513605,0.288,0.266,0.954,3.40776673567347,1.26627682783333,1.8164162052398,3.40776673567347,"CC","No"
"959",1.69488503138528,2.17839839285714,3.48445367519244,0.264,0.238,0.976,0.447449648285714,0.5184588175,3.40082678698782,3.40082678698782,"MF","No"
"841",1.50910584523809,1.84984917857143,3.51048836607143,0.444,0.256,0.966,0.670042995285714,0.473561389714285,3.391131761625,3.391131761625,"MF","No"
"715",5.3205611547619,2.89921922619048,1.53541629761905,0.63,0.54,0.46,3.3519535275,1.56557838214286,0.706291496904762,3.3519535275,"CC","No"
"868",0.978603464285714,6.15260735714286,3.44075366071429,0.27,0.3,0.968,0.264222935357143,1.84578220714286,3.33064954357143,3.33064954357143,"MF","No"
"255",1.69635338095238,3.94739645238095,3.55556466666667,0.374,0.242,0.936,0.634436164476191,0.955269941476191,3.328008528,3.328008528,"MF","No"
"1187",1.93620866666667,5.02841397619047,3.36111590476191,0.33,0.298,0.988,0.63894886,1.49846736490476,3.32078251390476,3.32078251390476,"MF","No"
"1218",2.33705169047619,5.52340848809524,2.61568295238095,0.574,0.6,0.818,1.34146767033333,3.31404509285714,2.13962865504762,3.31404509285714,"CL","No"
"1210",1.00763370238095,9.37126103571429,2.52224197619047,0.422,0.352,0.96,0.425221422404762,3.29868388457143,2.42135229714286,3.29868388457143,"CL","No"
"1474",1.62524280952381,8.2418266547619,1.93690144047619,0.48,0.4,0.9,0.780116548571428,3.29673066190476,1.74321129642857,3.29673066190476,"CL","No"
"522",2.38862819987156,5.7935150280112,3.604147125,0.386,0.422,0.914,0.922010485150421,2.44486334182073,3.29419047225,3.29419047225,"MF","No"
"1051",2.76248466666667,5.23598194047619,6.46832851190476,0.326,0.142,0.508,0.900570001333333,0.743509435547619,3.28591088404762,3.28591088404762,"MF","No"
"1064",0.673878083333333,3.60963105952381,0.697488077380952,0.054,0.898,0.89,0.0363894165,3.24144869145238,0.620764388869047,3.24144869145238,"CL","No"
"135",2.70775323809524,2.25431415476191,3.30972242261905,0.3,0.122,0.97,0.812325971428572,0.275026326880952,3.21043074994048,3.21043074994048,"MF","No"
"1349",6.73591008333334,6.07748642857143,3.13755719047619,0.476,0.336,0.914,3.20629319966667,2.04203544,2.86772727209524,3.20629319966667,"CC","No"
"1092",1.52284803571429,3.27473983333333,3.27535191413802,0.284,0.254,0.978,0.432488842142857,0.831783917666667,3.20329417202699,3.20329417202699,"MF","No"
"1240",2.75510748809524,6.23998645238095,2.51691,0.398,0.51,0.772,1.0965327802619,3.18239309071428,1.94305452,3.18239309071428,"CL","No"
"1228",1.13403420238095,3.14673253571429,3.28330664285714,0.258,0.21,0.962,0.292580824214286,0.6608138325,3.15854099042857,3.15854099042857,"MF","No"
"1278",3.61087903571429,1.76016863095238,0.629213886904762,0.866,0.058,0.604,3.12702124492857,0.102089780595238,0.380045187690476,3.12702124492857,"CC","No"
"999",0.626596607142857,1.62204819047619,3.24203143452381,0.298,0.212,0.964,0.186725788928571,0.343874216380953,3.12531830288095,3.12531830288095,"MF","No"
"379",2.96631411904762,4.58655364285714,3.23020819812925,0.138,0.416,0.966,0.409351348428572,1.90800631542857,3.12038111939285,3.12038111939285,"MF","No"
"61",1.45172825,3.14372838095238,3.21715415263606,0.318,0.314,0.968,0.4616495835,0.987130711619048,3.1142052197517,3.1142052197517,"MF","No"
"410",2.72057655952381,4.85474602380952,3.25910336904762,0.35,0.154,0.954,0.952201795833333,0.747630887666666,3.10918461407143,3.10918461407143,"MF","No"
"1487",3.23999516666667,4.16414915476191,1.51389270833333,0.954,0.03,0.522,3.090955389,0.124924474642857,0.79025199375,3.090955389,"CC","No"
"1054",0.891298940476191,2.7388005,3.18741161309524,0.36,0.142,0.968,0.320867618571429,0.388909671,3.08541444147619,3.08541444147619,"MF","No"
"780",2.40078421428571,5.0109335,3.60185,0.432,0.376,0.856,1.03713878057143,1.884110996,3.0831836,3.0831836,"MF","No"
"467",1.57747230952381,3.67733953571429,3.23620243452381,0.35,0.214,0.952,0.552115308333334,0.786950660642857,3.08086471766666,3.08086471766666,"MF","No"
"727",4.02612395238096,6.57469535714286,1.15636826190476,0.758,0.136,0.63,3.05180195590477,0.894158568571429,0.728512005,3.05180195590477,"CC","No"
"1007",0.896200452380952,4.5132874047619,4.00151388690476,0.236,0.162,0.762,0.211503306761905,0.731152559571428,3.04915358182143,3.04915358182143,"MF","No"
"168",3.60713191666667,4.70490698809524,1.99627665476191,0.842,0.09,0.672,3.03720507383333,0.423441628928571,1.341497912,3.03720507383333,"CC","No"
"637",1.43585146428572,2.458207,3.11057063095238,0.276,0.194,0.972,0.396295004142857,0.476892158,3.02347465328571,3.02347465328571,"MF","No"
"1480",6.8491760952381,7.31824548809524,2.90913491071428,0.334,0.412,0.97,2.28762481580952,3.01511714109524,2.82186086339286,3.01511714109524,"CL","No"
"579",2.55032781462585,1.96497638095238,3.04448674404762,0.228,0.154,0.984,0.581474741734694,0.302606362666667,2.99577495614285,2.99577495614285,"MF","No"
"231",3.21072780952381,7.52316848809524,1.60796138690476,0.372,0.398,0.95,1.19439074514286,2.99422105826191,1.52756331755952,2.99422105826191,"CL","No"
"229",0.737104,1.36868914285714,3.13153958333333,0.364,0.256,0.954,0.268305856,0.350384420571428,2.9874887625,2.9874887625,"MF","No"
"311",2.54968942857143,7.90732596428572,0.903918726190476,0.102,0.376,0.916,0.260068321714286,2.97315456257143,0.827989553190476,2.97315456257143,"CL","No"
"1419",3.34058983333334,1.76388295238095,1.95765925,0.884,0.268,0.764,2.95308141266667,0.472720631238095,1.495651667,2.95308141266667,"CC","No"
"1380",2.63524076190476,4.05421958333334,3.11205239370748,0.302,0.278,0.944,0.795842710095238,1.12707304416667,2.93777745965986,2.93777745965986,"MF","No"
"706",3.34816442857143,8.05710705952381,1.06181792857143,0.302,0.364,0.938,1.01114565742857,2.93278696966667,0.995985217,2.93278696966667,"CL","No"
"540",2.61499883333333,5.14923578571429,3.04620993452381,0.404,0.186,0.95,1.05645952866667,0.957757856142857,2.89389943779762,2.89389943779762,"MF","No"
"986",2.27323342857143,5.08082470238095,3.4752687797619,0.326,0.17,0.832,0.741074097714285,0.863740199404761,2.8914236247619,2.8914236247619,"MF","No"
"1280",3.49577470238096,1.78369502380952,3.489715,0.824,0.128,0.816,2.88051835476191,0.228312963047619,2.84760744,2.88051835476191,"CC","No"
"133",0.788047683673469,2.19934905952381,2.9205139047619,0.262,0.152,0.984,0.206468493122449,0.334301057047619,2.87378568228571,2.87378568228571,"MF","No"
"954",3.80133869047619,4.71195157142857,2.99527831547619,0.466,0.11,0.95,1.77142382976191,0.518314672857143,2.84551439970238,2.84551439970238,"MF","No"
"1324",3.852134,5.99342254761904,2.33231253571428,0.736,0.202,0.764,2.835170624,1.21067135461905,1.78188677728571,2.835170624,"CC","No"
"1122",0.80224819047619,3.07976627380952,2.94497542857143,0.322,0.222,0.962,0.258323917333333,0.683708112785714,2.83306636228571,2.83306636228571,"MF","No"
"432",4.24926505952381,2.87623552380952,2.92443629166667,0.518,0.338,0.968,2.20111930083333,0.972167607047619,2.83085433033333,2.83085433033333,"MF","No"
"535",3.68394280952381,9.08629154761906,3.33194215476191,0.768,0.076,0.402,2.82926807771429,0.690558157619049,1.33944074621429,2.82926807771429,"CC","No"
"1416",3.9341666547619,2.08321966666667,2.92829755952381,0.408,0.428,0.966,1.60513999514286,0.891618017333334,2.8287354425,2.8287354425,"MF","No"
"1449",4.69119921428571,5.36724189285714,3.646198375,0.504,0.21,0.772,2.364364404,1.1271207975,2.8148651455,2.8148651455,"MF","No"
"1443",6.0725095952381,7.33828767857143,2.20214319642857,0.286,0.382,0.494,1.7367377442381,2.80322589321429,1.08785873903571,2.80322589321429,"CL","No"
"1525",6.81917745238096,1.42646753571429,2.8140235297619,0.41,0.136,0.968,2.79586275547619,0.193999584857143,2.72397477680952,2.79586275547619,"CC","No"
"246",5.11026442857142,5.4212215,3.15360933333334,0.354,0.334,0.886,1.80903360771428,1.810687981,2.79409786933334,2.79409786933334,"MF","No"
"665",3.67925510714285,6.24135767857142,1.35039679761905,0.332,0.446,0.324,1.22151269557143,2.78364552464285,0.437528562428571,2.78364552464285,"CL","No"
"3",1.45089401190476,4.57853358333333,2.83170169642857,0.286,0.184,0.972,0.414955687404762,0.842450179333333,2.75241404892857,2.75241404892857,"MF","No"
"1354",1.77955041666667,3.40178897619048,3.5470855,0.798,0.086,0.772,1.4200812325,0.292553851952381,2.738350006,2.738350006,"MF","No"
"296",1.49389316666667,2.47074040476191,2.83701766666667,0.262,0.154,0.964,0.391400009666667,0.380494022333333,2.73488503066667,2.73488503066667,"MF","No"
"733",1.03013516338924,5.06688294047619,3.0709610820802,0.458,0.096,0.888,0.471801904832273,0.486420762285714,2.72701344088722,2.72701344088722,"MF","No"
"261",2.08259671428571,5.87041066666667,2.79485352976191,0.284,0.292,0.974,0.591457466857142,1.71415991466667,2.7221873379881,2.7221873379881,"MF","No"
"847",1.57011664285714,2.61540235714286,2.80714092857143,0.266,0.164,0.968,0.417651027,0.428925986571429,2.71731241885714,2.71731241885714,"MF","No"
"799",2.45322854940152,1.03495304761905,2.81908305610617,0.314,0.204,0.96,0.770313764512076,0.211130421714286,2.70631973386193,2.70631973386193,"MF","No"
"1251",3.84599420238096,1.79181836904762,2.78146617261905,0.286,0.136,0.968,1.09995434188095,0.243687298190476,2.69245925509524,2.69245925509524,"MF","No"
"386",1.1026368452381,1.17650876190476,2.93121304166667,0.594,0.084,0.916,0.654966286071428,0.098826736,2.68499114616667,2.68499114616667,"MF","No"
"10",5.6576576547619,2.36593282142857,2.78710652976191,0.41,0.228,0.958,2.31963963845238,0.539432683285714,2.67004805551191,2.67004805551191,"MF","No"
"258",1.73954186904762,4.54095392857143,4.74812173809524,0.22,0.138,0.562,0.382699211190476,0.626651642142858,2.66844441680953,2.66844441680953,"MF","No"
"1263",7.43143333333333,3.2939196547619,3.09779007738095,0.356,0.622,0.678,2.64559026666667,2.0488180252619,2.10030167246429,2.64559026666667,"CC","No"
"1430",5.70113953571428,1.97478857142857,0.840464714285714,0.464,0.68,0.96,2.64532874457143,1.34285622857143,0.806846125714286,2.64532874457143,"CC","No"
"566",2.42013816666667,5.60337763095238,4.15765264880952,0.742,0.472,0.406,1.79574251966667,2.64479424180952,1.68800697541667,2.64479424180952,"CL","No"
"1295",2.60135913095238,7.58899046428571,1.869867,0.342,0.348,0.84,0.889664822785714,2.64096868157143,1.57068828,2.64096868157143,"CL","No"
"1393",4.73749386904762,5.09813925,2.514144625,0.38,0.518,0.586,1.8002476702381,2.6408361315,1.47328875025,2.6408361315,"CL","No"
"889",6.80563079761905,7.99662140476191,0.57269125,0.286,0.33,0.938,1.94641040811905,2.63888506357143,0.5371843925,2.63888506357143,"CL","No"
"1146",1.92243854761905,2.75083630952381,2.72446935119048,0.32,0.196,0.968,0.615180335238096,0.539163916666667,2.63728633195238,2.63728633195238,"MF","No"
"166",3.51568388095238,3.82763104761905,2.44401582142857,0.194,0.688,0.576,0.682042672904762,2.6334101607619,1.40775311314286,2.6334101607619,"CL","No"
"354",3.2622415952381,2.57529185714286,2.4228883452381,0.802,0.202,0.776,2.61631775938095,0.520208955142857,1.88016135590476,2.61631775938095,"CC","No"
"968",4.29535380952381,2.35156132142857,2.643702125,0.318,0.192,0.984,1.36592251142857,0.451499773714285,2.601402891,2.601402891,"MF","No"
"392",6.56660435714286,3.55852997619047,3.04633080952381,0.396,0.204,0.456,2.60037532542857,0.725940115142857,1.38912684914286,2.60037532542857,"CC","No"
"232",0.890193571428571,2.6039598452381,2.6462660952381,0.264,0.132,0.982,0.235011102857143,0.343722699571429,2.59863330552381,2.59863330552381,"MF","No"
"839",0.557682880952381,1.72856978571429,2.64621231037415,0.268,0.14,0.976,0.149459012095238,0.24199977,2.58270321492517,2.58270321492517,"MF","No"
"830",1.63183794047619,2.95868208333334,2.65563110119048,0.294,0.138,0.97,0.4797603545,0.4082981275,2.57596216815476,2.57596216815476,"MF","No"
"559",2.03503169047619,3.90465244047619,2.81080920833333,0.292,0.486,0.914,0.594229253619048,1.89766108607143,2.56907961641667,2.56907961641667,"MF","No"
"326",1.56463155952381,4.00025729761905,2.59979151785714,0.278,0.174,0.98,0.434967573547619,0.696044769785714,2.5477956875,2.5477956875,"MF","No"
"688",1.39605760714286,3.17587792857143,2.61816777380952,0.304,0.224,0.968,0.424401512571428,0.711396656,2.53438640504762,2.53438640504762,"MF","No"
"188",0.772678321428571,3.59034407142857,2.69503898809524,0.456,0.612,0.934,0.352341314571428,2.19729057171429,2.51716641488095,2.51716641488095,"MF","No"
"1589",1.22490151190476,4.3113776547619,2.59268447663803,0.262,0.252,0.97,0.320924196119048,1.086467169,2.51490394233889,2.51490394233889,"MF","No"
"5",2.04192184523809,4.39349692857143,4.306843125,0.522,0.532,0.582,1.06588320321429,2.337340366,2.50658269875,2.50658269875,"MF","No"
"1207",1.20074213095238,1.82081238095238,5.22819979761905,0.276,0.238,0.476,0.331404828142857,0.433353346666667,2.48862310366667,2.48862310366667,"MF","No"
"1296",9.45864514285714,4.14201416666667,1.16194414285714,0.262,0.344,0.548,2.47816502742857,1.42485287333333,0.636745390285714,2.47816502742857,"CC","No"
"796",1.09535753571429,4.39715197619048,3.118077625,0.438,0.562,0.562,0.479766600642857,2.47119941061905,1.75235962525,2.47119941061905,"CL","No"
"1457",9.68305549659864,2.14621039705882,1.88383899404762,0.254,0.148,0.97,2.45949609613605,0.317639138764706,1.82732382422619,2.45949609613605,"CC","No"
"211",5.28967020238095,3.38285422619048,2.61501077380952,0.462,0.38,0.93,2.4438276335,1.28548460595238,2.43196001964286,2.4438276335,"CC","No"
"1603",4.34880596428571,5.03380753571429,2.60032829761905,0.442,0.378,0.932,1.92217223621429,1.9027792485,2.42350597338095,2.42350597338095,"MF","No"
"104",2.74936217857143,3.76608938095238,1.06607599404762,0.88,0.034,0.662,2.41943871714286,0.128047038952381,0.705742308059524,2.41943871714286,"CC","No"
"893",6.48011698809524,2.24871336904762,0.913119571428571,0.372,0.27,0.954,2.41060351957143,0.607152609642858,0.871116071142857,2.41060351957143,"CC","No"
"835",0.823456916666667,3.352108,2.43223343452381,0.312,0.222,0.982,0.256918558,0.744167976,2.38845323270238,2.38845323270238,"MF","No"
"975",2.3548853452381,7.89076633333333,2.42647398214286,0.232,0.302,0.502,0.546333400095238,2.38301143266667,1.21808993903571,2.38301143266667,"CL","No"
"214",7.63477078571429,2.44468677380952,0.976421648809524,0.312,0.062,0.838,2.38204848514286,0.15157057997619,0.818241341702381,2.38204848514286,"CC","No"
"1356",0.404664583333333,7.01653626190476,2.32060151785714,0.286,0.338,0.968,0.115734070833333,2.37158925652381,2.24634226928571,2.37158925652381,"CL","No"
"731",2.91188021428571,9.55509420238095,1.55982863690476,0.244,0.248,0.854,0.710498772285714,2.36966336219047,1.33209365591667,2.36966336219047,"CL","No"
"1288",2.09144485714286,1.75860202380952,2.71153427380952,0.462,0.162,0.872,0.966247524,0.284893527857143,2.3644578867619,2.3644578867619,"MF","No"
"400",2.11213010714286,5.41985098809524,2.48482722619047,0.336,0.156,0.948,0.709675716,0.845496754142857,2.35561621042857,2.35561621042857,"MF","No"
"1186",2.05610952380952,8.16722208333334,1.64435744047619,0.316,0.288,0.836,0.649730609523809,2.35215996,1.37468282023809,2.35215996,"CL","No"
"1526",3.11131086904762,2.2544350952381,0.32256294047619,0.756,0.202,0.794,2.352151017,0.455395889238095,0.256114974738095,2.352151017,"CC","No"
"1204",2.94539803571429,3.30483895238095,2.49576681547619,0.412,0.38,0.94,1.21350399071429,1.25583880190476,2.34602080654762,2.34602080654762,"MF","No"
"592",2.74622307142857,4.62884828571428,1.54506214285714,0.85,0.062,0.62,2.33428961071429,0.286988593714286,0.957938528571428,2.33428961071429,"CC","No"
"1260",2.18812247619048,4.9035480952381,2.981765125,0.47,0.224,0.782,1.02841756380952,1.09839477333333,2.33174032775,2.33174032775,"MF","No"
"342",3.43514476190476,7.65452253571429,1.51527426190476,0.146,0.304,0.516,0.501531135238095,2.32697485085714,0.781881519142857,2.32697485085714,"CL","No"
"710",2.13792244047619,7.27089913095238,1.83345246428571,0.404,0.32,0.94,0.863720665952381,2.32668772190476,1.72344531642857,2.32668772190476,"CL","No"
"788",5.07257657142857,2.06439994047619,0.882598380952381,0.456,0.21,0.962,2.31309491657143,0.4335239875,0.84905964247619,2.31309491657143,"CC","No"
"273",2.63075884523809,1.31892295238095,2.38415585714286,0.306,0.114,0.968,0.805012206642857,0.150357216571429,2.30786286971429,2.30786286971429,"MF","No"
"28",1.01732664285714,3.39932528571429,2.3879008452381,0.262,0.21,0.966,0.266539580428572,0.71385831,2.3067122165,2.3067122165,"MF","No"
"498",1.43968026190476,9.31464809523809,0.947185142857143,0.238,0.246,0.858,0.342643902333333,2.29140343142857,0.812684852571429,2.29140343142857,"CL","No"
"240",1.08227439285714,7.50937889285715,1.21895383928571,0.42,0.304,0.928,0.454555245,2.28285118342857,1.13118916285714,2.28285118342857,"CL","No"
"151",2.52235144047619,7.22557616666666,0.861082005952381,0.904,0.278,0.58,2.28020570219047,2.00871017433333,0.499427563452381,2.28020570219047,"CC","No"
"1440",3.43205283333333,2.40419157142857,2.28866253571429,0.406,0.468,0.992,1.39341345033333,1.12516165542857,2.27035323542857,2.27035323542857,"MF","No"
"154",1.47230746428571,4.98953141666667,2.53485929761905,0.348,0.382,0.892,0.512362997571428,1.90600100116667,2.26109449347619,2.26109449347619,"MF","No"
"347",4.25375785714285,2.55551251190476,0.78721280952381,0.53,0.416,0.254,2.25449166428571,1.06309320495238,0.199952053619048,2.25449166428571,"CC","No"
"1147",1.71007985714286,6.82011229761904,0.57289219047619,0.3,0.33,0.938,0.513023957142857,2.25063705821428,0.537372874666667,2.25063705821428,"CL","No"
"1248",1.64493921428572,6.05559955952381,1.48875171428571,0.308,0.37,0.946,0.506641278,2.24057183702381,1.40835912171429,2.24057183702381,"CL","No"
"1229",0.448240583333333,1.84105035714286,2.24713496428571,0.362,0.378,0.988,0.162263091166667,0.695917035,2.22016934471428,2.22016934471428,"MF","No"
"145",2.44238857142857,3.56905795238095,1.09649739285714,0.908,0.03,0.668,2.21768882285714,0.107071738571429,0.732460258428571,2.21768882285714,"CC","No"
"726",2.28235009523809,2.02028534523809,2.28451969642857,0.504,0.558,0.97,1.150304448,1.12731922264286,2.21598410553571,2.21598410553571,"MF","No"
"772",4.45223247619048,1.76656714285714,0.832235125,0.496,0.118,0.974,2.20830730819048,0.208454922857143,0.81059701175,2.20830730819048,"CC","No"
"473",3.05700972619048,3.3487869047619,2.77111052380953,0.402,0.136,0.796,1.22891790992857,0.455435019047619,2.20580397695238,2.20580397695238,"MF","No"
"301",1.25061286904762,1.99534105952381,2.609286125,0.278,0.056,0.844,0.347670377595238,0.111739099333333,2.2022374895,2.2022374895,"MF","No"
"1497",1.96116835714286,3.92788963095238,2.28872925,0.33,0.302,0.962,0.647185557857143,1.18622266854762,2.2017575385,2.2017575385,"MF","No"
"121",3.819805,3.91789395238095,2.65167614880952,0.42,0.34,0.83,1.6043181,1.33208394380952,2.20089120351191,2.20089120351191,"MF","No"
"1614",1.77423108333333,1.77394111904762,2.24002564880952,0.3,0.118,0.978,0.532269325,0.209325052047619,2.19074508453572,2.19074508453572,"MF","No"
"1185",1.07970291666667,3.90493008333333,2.25556380952381,0.336,0.232,0.964,0.36278018,0.905943779333334,2.17436351238095,2.17436351238095,"MF","No"
"476",6.66029348809524,1.93750985714286,2.1772964047619,0.326,0.15,0.98,2.17125567711905,0.290626478571429,2.13375047666666,2.17125567711905,"CC","No"
"1123",0.498003952380952,6.65852745238095,0.518853672619048,0.348,0.326,0.972,0.173305375428571,2.17067994947619,0.504325769785714,2.17067994947619,"CL","No"
"439",1.05232682142857,1.93711134523809,2.21455111479592,0.312,0.222,0.978,0.328325968285714,0.430038718642857,2.16583099027041,2.16583099027041,"MF","No"
"524",0.892950011904761,7.55649441666667,0.842850255952381,0.19,0.286,0.97,0.169660502261905,2.16115740316667,0.817564748273809,2.16115740316667,"CL","No"
"1611",0.971211202380952,4.73071610714285,2.25356095833333,0.332,0.3,0.956,0.322442119190476,1.41921483214286,2.15440427616667,2.15440427616667,"MF","No"
"97",5.63482754761905,2.9439693452381,2.72568431547619,0.38,0.476,0.79,2.14123446809524,1.40132940833333,2.15329060922619,2.15329060922619,"MF","No"
"590",0.711165528911565,0.976888285714286,2.19301608928571,0.304,0.21,0.976,0.216194320789116,0.20514654,2.14038370314286,2.14038370314286,"MF","No"
"1521",0.516264416666666,3.96403246428571,3.412126875,0.206,0.23,0.626,0.106350469833333,0.911727466785714,2.13599142375,2.13599142375,"MF","No"
"1398",2.78194825510204,2.07423176190476,2.19253082738095,0.264,0.226,0.974,0.734434339346939,0.468776378190476,2.13552502586905,2.13552502586905,"MF","No"
"1489",1.88463113095238,2.59249788095238,2.30457557738095,0.45,0.092,0.922,0.848084008928571,0.238509805047619,2.12481868234524,2.12481868234524,"MF","No"
"1227",2.76381577380952,7.14317908333334,1.17675014880952,0.764,0.084,0.45,2.11155525119048,0.600027043,0.529537566964286,2.11155525119048,"CC","No"
"504",1.81008971428571,8.79204701190476,2.69310113095238,0.242,0.24,0.272,0.438041710857143,2.11009128285714,0.732523507619048,2.11009128285714,"CL","No"
"1604",1.35685615476191,2.94009244047619,2.52945300595238,0.372,0.2,0.834,0.504750489571429,0.588018488095238,2.10956380696429,2.10956380696429,"MF","No"
"1377",1.52108688095238,5.16942936904762,0.435992297619048,0.418,0.408,0.896,0.635814316238095,2.10912718257143,0.390649098666667,2.10912718257143,"CL","No"
"170",0.6955475,2.49306039285714,2.17054302380952,0.28,0.284,0.97,0.1947533,0.708029151571428,2.10542673309524,2.10542673309524,"MF","No"
"1194",0.99909925,2.39760890476191,2.16002675,0.282,0.288,0.972,0.2817459885,0.690511364571429,2.099546001,2.099546001,"MF","No"
"760",2.89310954761905,5.64127204761905,3.7952653452381,0.724,0.204,0.496,2.09461131247619,1.15081949771429,1.8824516112381,2.09461131247619,"CC","No"
"1359",4.14459666666667,0.875381369047619,0.529324797619048,0.504,0.102,0.942,2.08887672,0.0892888996428571,0.498623959357143,2.08887672,"CC","No"
"237",1.28984292176871,3.18427852380953,2.14348295833333,0.288,0.234,0.97,0.371474761469388,0.745121174571429,2.07917846958333,2.07917846958333,"MF","No"
"1013",7.3837628452381,3.87879175420169,1.31098164285714,0.28,0.312,0.952,2.06745359666667,1.21018302731093,1.248054524,2.06745359666667,"CC","No"
"797",2.9870771547619,6.52423482142858,1.22167743452381,0.688,0.088,0.59,2.05510908247619,0.574132664285715,0.720789686369047,2.05510908247619,"CC","No"
"1262",2.29655485714286,2.10129464285714,1.10389814285714,0.892,0.024,0.692,2.04852693257143,0.0504310714285714,0.763897514857143,2.04852693257143,"CC","No"
"1504",6.27486342857143,1.89841111904762,1.45947039880952,0.326,0.214,0.97,2.04560547771429,0.40625997947619,1.41568628684524,2.04560547771429,"CC","No"
"769",2.06815314285714,3.03034208333333,2.14657681547619,0.438,0.19,0.952,0.905851076571429,0.575764995833333,2.04354112833333,2.04354112833333,"MF","No"
"401",6.53321777380952,4.08099572619047,1.25564666666667,0.312,0.258,0.574,2.03836394542857,1.05289689735714,0.720741186666667,2.03836394542857,"CC","No"
"876",1.66761129761905,5.23606569047619,1.33096776190476,0.512,0.388,0.874,0.853816984380953,2.03159348790476,1.16326582390476,2.03159348790476,"CL","No"
"1426",2.6069765952381,3.27041336904762,3.40045733928571,0.19,0.14,0.596,0.495325553095238,0.457857871666667,2.02667257421429,2.02667257421429,"MF","No"
"1222",2.53924302380952,3.01986921428571,2.31843489880952,0.798,0.134,0.804,2.026315933,0.404662474714286,1.86402165864286,2.026315933,"CC","No"
"375",5.41781117857142,0.823948416666666,2.08822655952381,0.346,0.18,0.968,1.87456266778571,0.148310715,2.02140330961905,2.02140330961905,"MF","No"
"1541",1.83502211904762,1.41548247619048,2.06103379251701,0.308,0.184,0.968,0.565186812666667,0.260448775619048,1.99508071115646,1.99508071115646,"MF","No"
"1072",1.7960408452381,4.51969354761905,2.06506666666667,0.618,0.352,0.962,1.10995324235714,1.5909321287619,1.98659413333333,1.98659413333333,"MF","No"
"12",0.808407654761905,3.27481126190476,2.03623978571429,0.294,0.232,0.974,0.2376718505,0.759756212761905,1.98329755128571,1.98329755128571,"MF","No"
"1363",5.01956279761905,1.56301907142857,0.825717845238095,0.392,0.112,0.924,1.96766861666667,0.175058136,0.762963289,1.96766861666667,"CC","No"
"1241",2.35775996428572,3.84865407142857,2.53070154166667,0.81,0.2,0.77,1.90978557107143,0.769730814285714,1.94864018708333,1.94864018708333,"MF","No"
"834",1.49578944047619,2.52984551190476,3.29482235714286,0.358,0.526,0.59,0.535492619690477,1.3306987392619,1.94394519071429,1.94394519071429,"MF","No"
"338",0.554372583333333,6.09751923809524,0.685222380952381,0.3,0.318,0.972,0.166311775,1.93901111771428,0.666036154285714,1.93901111771428,"CL","No"
"226",2.0653564047619,2.03282866666667,2.655719625,0.814,0.142,0.73,1.68120011347619,0.288661670666667,1.93867532625,1.93867532625,"MF","No"
"607",2.96233276190476,7.40876583333334,2.31565432738095,0.572,0.188,0.836,1.69445433980952,1.39284797666667,1.93588701769048,1.93588701769048,"MF","No"
"115",1.01205110714286,4.1799286547619,5.65565966666666,0.168,0.116,0.342,0.170024586,0.484871723952381,1.934235606,1.934235606,"MF","No"
"77",6.03765792857142,5.1190395,2.08414629761905,0.32,0.2,0.898,1.93205053714286,1.0238079,1.8715633752619,1.93205053714286,"CC","No"
"283",1.23280511904762,1.47514248809524,1.99885507738095,0.268,0.158,0.964,0.330391771904762,0.233072513119048,1.92689629459524,1.92689629459524,"MF","No"
"299",0.799116333333333,2.52554248809524,1.97725541541353,0.186,0.34,0.972,0.148635638,0.858684445952381,1.92189226378196,1.92189226378196,"MF","No"
"1225",0.579762702380952,4.72163239285714,1.37693742857143,0.42,0.406,0.94,0.243500335,1.9169827515,1.29432118285714,1.9169827515,"CL","No"
"1297",3.00934611904762,4.4640235,1.9604450952381,0.404,0.284,0.966,1.21577583209524,1.267782674,1.893789962,1.893789962,"MF","No"
"1242",2.60172448809524,4.78369388095238,0.781859476190476,0.204,0.394,0.776,0.530751795571428,1.88477538909524,0.60672295352381,1.88477538909524,"CL","No"
"101",1.51947544047619,3.86309941666667,1.93020138095238,0.226,0.158,0.974,0.343401449547619,0.610369707833334,1.88001614504762,1.88001614504762,"MF","No"
"440",1.58245751190476,4.03614273809524,2.34520150595238,0.384,0.25,0.8,0.607663684571428,1.00903568452381,1.8761612047619,1.8761612047619,"MF","No"
"359",3.61440171428571,1.63641966666667,0.717761297619047,0.518,0.114,0.926,1.872260088,0.186551842,0.664646961595238,1.872260088,"CC","No"
"891",2.29021778571429,3.18456260714286,1.91746322023809,0.332,0.164,0.976,0.760352304857143,0.522268267571429,1.87144410295238,1.87144410295238,"MF","No"
"902",1.42367182142857,5.38066838095238,2.418053125,0.788,0.234,0.77,1.12185339528571,1.25907640114286,1.86190090625,1.86190090625,"MF","No"
"570",6.36712265476191,3.92772817086835,1.6953362797619,0.292,0.238,0.976,1.85919981519048,0.934799304666667,1.65464820904762,1.85919981519048,"CC","No"
"1088",1.02572702380952,0.790276535714285,1.884009375,0.276,0.14,0.984,0.283100658571429,0.110638715,1.853865225,1.853865225,"MF","No"
"1313",2.41531111904762,2.54823417857143,1.883498,0.324,0.108,0.98,0.782560802571428,0.275209291285714,1.84582804,1.84582804,"MF","No"
"852",0.694827380952381,7.65663053571428,0.401300660714286,0.302,0.24,0.976,0.209837869047619,1.83759132857143,0.391669444857143,1.83759132857143,"CL","No"
"816",2.23828120238095,3.13870004761905,1.87981760714286,0.26,0.132,0.976,0.581953112619048,0.414308406285714,1.83470198457143,1.83470198457143,"MF","No"
"4",0.870040130952381,6.67869042857143,1.05535024404762,0.416,0.274,0.756,0.36193669447619,1.82996117742857,0.7978447845,1.82996117742857,"CL","No"
"728",1.08550264285714,6.00571171428571,0.7612905,0.296,0.304,0.97,0.321308782285715,1.82573636114286,0.738451785,1.82573636114286,"CL","No"
"18",0.599702273809524,2.66269394047619,1.97515267857143,0.264,0.138,0.922,0.158321400285714,0.367451763785714,1.82109076964286,1.82109076964286,"MF","No"
"958",3.51889244047619,1.43290072619048,2.08736955357143,0.29,0.1,0.872,1.0204788077381,0.143290072619048,1.82018625071428,1.82018625071428,"MF","No"
"111",1.01671041666667,3.13218107142857,3.02053219047619,0.206,0.182,0.596,0.209442345833333,0.570056955,1.80023718552381,1.80023718552381,"MF","No"
"781",1.19483644047619,3.58353442857143,0.398398583333333,0.564,0.5,0.856,0.673887752428571,1.79176721428571,0.341029187333333,1.79176721428571,"CL","No"
"750",2.73110554761905,5.24259342857143,0.642416958333333,0.164,0.338,0.58,0.447901309809524,1.77199657885714,0.372601835833333,1.77199657885714,"CL","No"
"594",2.1311510952381,2.70935027380952,1.86097710119048,0.466,0.258,0.95,0.993116410380953,0.699012370642857,1.76792824613095,1.76792824613095,"MF","No"
"233",0.304875154761905,2.40954357142857,1.77505278571429,0.28,0.158,0.976,0.0853650433333333,0.380707884285714,1.73245151885714,1.73245151885714,"MF","No"
"1559",0.771779761904762,2.66098302380952,1.74975234523809,0.266,0.212,0.978,0.205293416666667,0.564128401047619,1.71125779364286,1.71125779364286,"MF","No"
"1320",2.17548983333333,3.06333378571428,0.607271244047619,0.434,0.556,0.972,0.944162587666667,1.70321358485714,0.590267649214286,1.70321358485714,"CL","No"
"1511",2.05942290476191,2.82970811904762,2.1429950297619,0.302,0.096,0.794,0.621945717238095,0.271651979428571,1.70153805363095,1.70153805363095,"MF","No"
"99",5.38548364285714,3.96986676190476,0.705830630952381,0.236,0.428,0.944,1.27097413971429,1.69910297409524,0.666304115619048,1.69910297409524,"CL","No"
"1550",3.70656472619048,1.09318588095238,1.30780116666667,0.458,0.308,0.93,1.69760664459524,0.336701251333333,1.216255085,1.69760664459524,"CC","No"
"555",1.78328163605442,3.26379897619047,1.73404329846939,0.27,0.244,0.978,0.481486041734694,0.796366950190475,1.69589434590306,1.69589434590306,"MF","No"
"9",0.801814119047619,5.57800016666667,0.154450392857143,0.346,0.304,0.968,0.277427685190476,1.69571205066667,0.149507980285714,1.69571205066667,"CL","No"
"274",1.84106654761905,2.75194004761905,1.04228574404762,0.578,0.61,0.488,1.06413646452381,1.67868342904762,0.508635443095238,1.67868342904762,"CL","No"
"641",5.3616765952381,3.30896041666667,1.16777733333333,0.312,0.352,0.512,1.67284309771429,1.16475406666667,0.597901994666667,1.67284309771429,"CC","No"
"1494",3.67258701190476,2.36751267857143,1.88930042261905,0.418,0.13,0.884,1.53514137097619,0.307776648214286,1.67014157359524,1.67014157359524,"MF","No"
"1136",1.69417757142857,1.96878430952381,2.12542324404762,0.81,0.176,0.784,1.37228383285714,0.34650603847619,1.66633182333333,1.66633182333333,"MF","No"
"460",0.74576194047619,6.18482242857143,1.07301935714286,0.192,0.268,0.892,0.143186292571429,1.65753241085714,0.957133266571428,1.65753241085714,"CL","No"
"948",2.52086279761905,8.45082253571429,2.67445991071428,0.148,0.196,0.53,0.373087694047619,1.656361217,1.41746375267857,1.656361217,"CL","No"
"936",1.03700455952381,4.10549930952381,1.71055429166667,0.258,0.154,0.968,0.267547176357143,0.632246893666666,1.65581655433333,1.65581655433333,"MF","No"
"403",2.09282321428571,2.70580829761905,1.73559551785714,0.358,0.244,0.952,0.749230710714286,0.660217224619047,1.652286933,1.652286933,"MF","No"
"109",2.48658441666667,2.97271117857143,1.73421723809524,0.41,0.384,0.952,1.01949961083333,1.14152109257143,1.65097481066667,1.65097481066667,"MF","No"
"1270",1.29628548809524,2.45374472619048,1.71384088095238,0.28,0.204,0.96,0.362959936666667,0.500563924142857,1.64528724571429,1.64528724571429,"MF","No"
"94",2.34486235714286,6.91361978571428,0.701731630952381,0.694,0.128,0.794,1.62733447585714,0.884943332571428,0.557174914976191,1.62733447585714,"CC","No"
"1587",1.44538089285714,3.88726380952381,1.52903402380952,0.622,0.416,0.722,0.899026915357143,1.6171017447619,1.10396256519048,1.6171017447619,"CL","No"
"659",1.28966345238095,4.50984271428571,0.403877160714286,0.35,0.358,0.946,0.451382208333333,1.61452369171429,0.382067794035714,1.61452369171429,"CL","No"
"1097",1.15602445238095,6.77687536904762,1.32595214285714,0.186,0.238,0.97,0.215020548142857,1.61289633783333,1.28617357857143,1.61289633783333,"CL","No"
"749",3.02515492857143,4.36226632142858,1.65445761904762,0.25,0.13,0.972,0.756288732142857,0.567094621785715,1.60813280571429,1.60813280571429,"MF","No"
"358",2.04912560714286,3.41217839285715,1.66381552976191,0.286,0.34,0.962,0.586049923642857,1.16014065357143,1.60059053963095,1.60059053963095,"MF","No"
"485",0.602251642857143,7.08159836904762,0.385404440476191,0.27,0.226,0.964,0.162607943571429,1.60044123140476,0.371529880619048,1.60044123140476,"CL","No"
"1183",1.86878205952381,4.78726617857143,0.386366071428572,0.396,0.334,0.968,0.740037695571429,1.59894690364286,0.374002357142857,1.59894690364286,"CL","No"
"1599",3.10151542857143,6.18524275,1.78449524404762,0.51,0.208,0.852,1.58177286857143,1.286530492,1.52038994792857,1.58177286857143,"CC","No"
"1553",1.09826389285714,4.22076316666667,1.13815876190476,0.382,0.374,0.932,0.419536807071428,1.57856542433333,1.06076396609524,1.57856542433333,"CL","No"
"464",3.08957514285714,3.76937819047619,0.939560928571428,0.424,0.418,0.952,1.30997986057143,1.57560008361905,0.894462004,1.57560008361905,"CL","No"
"1544",1.27185812946828,6.3022219327731,0.687912468984962,0.264,0.25,0.97,0.335770546179625,1.57555548319328,0.667275094915414,1.57555548319328,"CL","No"
"567",2.18731471428571,2.20262416666667,1.42586119047619,0.72,0.466,0.33,1.57486659428571,1.02642286166667,0.470534192857143,1.57486659428571,"CC","No"
"1395",2.58825867857143,3.57566530952381,1.64828994047619,0.298,0.176,0.954,0.771301086214285,0.62931709447619,1.57246860321428,1.57246860321428,"MF","No"
"531",5.56916774999999,4.79535198809524,1.36837526785714,0.282,0.276,0.954,1.5705053055,1.32351714871429,1.30543000553571,1.5705053055,"CC","No"
"1331",2.45057385714286,3.07560858333333,1.62135924404762,0.322,0.198,0.964,0.789084782,0.6089704995,1.5629903112619,1.5629903112619,"MF","No"
"871",1.50038664285714,3.49737370238095,1.49547467857143,0.416,0.446,0.348,0.624160843428571,1.5598286712619,0.520425188142857,1.5598286712619,"CL","No"
"1211",0.56828125,2.87522727380953,1.45397429761905,0.468,0.542,0.9,0.265955625,1.55837318240476,1.30857686785714,1.55837318240476,"CL","No"
"853",1.84847883333333,4.3916659047619,1.31723270238095,0.842,0.056,0.726,1.55641917766667,0.245933290666667,0.956310941928571,1.55641917766667,"CC","No"
"474",1.49352963095238,4.27258721428571,1.62757460714286,0.336,0.176,0.956,0.501825956,0.751975349714285,1.55596132442857,1.55596132442857,"MF","No"
"699",1.35560276190476,5.10931853571429,0.416878595238095,0.102,0.304,0.978,0.138271481714286,1.55323283485714,0.407707266142857,1.55323283485714,"CL","No"
"427",1.57965195238095,1.9469615,1.60183899404762,0.258,0.148,0.968,0.407550203714286,0.288150302,1.5505801462381,1.5505801462381,"MF","No"
"1148",1.71900140476191,3.4293081547619,2.37757111309524,0.272,0.068,0.652,0.467568382095238,0.23319295452381,1.5501763657381,1.5501763657381,"MF","No"
"748",1.75212814285714,1.86281194047619,1.62057248809524,0.352,0.27,0.954,0.616749106285715,0.502959223928571,1.54602615364286,1.54602615364286,"MF","No"
"235",1.47562807142857,5.01886117857143,0.536561892857143,0.182,0.308,0.68,0.268564309,1.545809243,0.364862087142857,1.545809243,"CL","No"
"708",1.7528994047619,3.92966172619047,1.60873360714286,0.306,0.226,0.96,0.536387217857143,0.888103550119047,1.54438426285714,1.54438426285714,"MF","No"
"1516",0.392236107142857,3.92459273809524,1.59080995238095,0.33,0.392,0.936,0.129437915357143,1.53844035333333,1.48899811542857,1.53844035333333,"CL","No"
"1176",2.11220922619048,0.539297952380952,0.205986910714286,0.726,0.074,0.862,1.53346389821429,0.0399080484761904,0.177560717035714,1.53346389821429,"CC","No"
"1127",4.23305858333333,1.78704054761905,0.618208916666667,0.362,0.19,0.962,1.53236720716666,0.339537704047619,0.594716977833333,1.53236720716666,"CC","No"
"174",2.01866027380952,2.83427746428572,1.53932281547619,0.246,0.54,0.612,0.496590427357142,1.53050983071429,0.942065563071428,1.53050983071429,"CL","No"
"717",0.501300309523809,4.83628076190476,0.622310619047619,0.328,0.316,0.948,0.164426501523809,1.5282647207619,0.589950466857143,1.5282647207619,"CL","No"
"650",0.576375630952381,2.59070191666667,1.57320892857143,0.266,0.156,0.97,0.153315917833333,0.404149499,1.52601266071429,1.52601266071429,"MF","No"
"818",0.795543345238095,3.37103144047619,1.56320195833333,0.344,0.204,0.97,0.273666910761905,0.687690413857143,1.51630589958333,1.51630589958333,"MF","No"
"897",1.67227365476191,3.72396961904762,1.57529786309524,0.446,0.202,0.962,0.74583405002381,0.752241863047618,1.51543654429762,1.51543654429762,"MF","No"
"1598",1.79277136904762,2.23015284523809,1.74550345238095,0.844,0.044,0.658,1.51309903547619,0.0981267251904762,1.14854127166667,1.51309903547619,"CC","No"
"169",0.925573011904762,1.62374483333333,1.56487685119048,0.398,0.114,0.95,0.368378058738095,0.185106911,1.48663300863095,1.48663300863095,"MF","No"
"651",2.47534094047619,2.41809232142857,2.69957486309524,0.198,0.128,0.55,0.490117506214286,0.309515817142857,1.48476617470238,1.48476617470238,"MF","No"
"517",0.995163523809524,2.17555703571429,1.52720346428571,0.26,0.19,0.972,0.258742516190476,0.413355836785714,1.48444176728571,1.48444176728571,"MF","No"
"1485",1.63279682142857,2.64890342857143,1.51848794047619,0.432,0.224,0.974,0.705368226857143,0.593354368,1.47900725402381,1.47900725402381,"MF","No"
"32",2.22986489285714,3.41866234523809,2.67396023809524,0.662,0.196,0.336,1.47617055907143,0.670057819666666,0.89845064,1.47617055907143,"CC","No"
"832",0.569696678571428,5.28195976190476,0.708975803571429,0.268,0.278,0.954,0.152678709857143,1.46838481380952,0.676362916607143,1.46838481380952,"CL","No"
"1150",1.61109151190476,2.57384126190476,1.49796120238095,0.322,0.226,0.978,0.518771466833334,0.581688125190476,1.46500605592857,1.46500605592857,"MF","No"
"925",0.829832619047619,3.55579544047619,1.49660839285714,0.276,0.138,0.976,0.229033802857143,0.490699770785714,1.46068979142857,1.46068979142857,"MF","No"
"521",2.01107266666667,3.6470819047619,1.39513649404762,0.354,0.4,0.982,0.711919724,1.45883276190476,1.37002403715476,1.45883276190476,"CL","No"
"523",1.81998638095238,3.32249383333333,1.59026798809524,0.48,0.132,0.916,0.873593462857143,0.438569186,1.45668547709524,1.45668547709524,"MF","No"
"1069",2.37161576190476,5.73376630952381,0.859011672619047,0.614,0.048,0.398,1.45617207780952,0.275220782857143,0.341886645702381,1.45617207780952,"CC","No"
"1491",1.86456266666667,7.36633978571429,1.62355522619048,0.78,0.116,0.746,1.45435888,0.854495415142857,1.21117219873809,1.45435888,"CC","No"
"1424",2.38480707142857,5.95998480952381,0.848783964285714,0.2,0.244,0.98,0.476961414285714,1.45423629352381,0.831808285,1.45423629352381,"CL","No"
"39",4.59397785714286,3.84638577380952,1.38370064880952,0.316,0.25,0.938,1.45169700285714,0.961596443452381,1.29791120858333,1.45169700285714,"CC","No"
"1530",2.11350311904762,11.0618264642857,1.17390714285714,0.642,0.13,0.44,1.35686900242857,1.43803744035714,0.516519142857143,1.43803744035714,"CL","No"
"459",1.72915475,4.91183803571428,1.28404378571429,0.282,0.292,0.934,0.4876216395,1.43425670642857,1.19929689585714,1.43425670642857,"CL","No"
"724",0.636767511904762,4.30757871428572,1.12288057142857,0.29,0.332,0.958,0.184662578452381,1.43011613314286,1.07571958742857,1.43011613314286,"CL","No"
"1257",2.58726283333333,3.71801358333333,1.49583614285714,0.298,0.204,0.954,0.771004324333333,0.758474771,1.42702768028572,1.42702768028572,"MF","No"
"490",1.21339178571429,2.68457489285714,1.47666483333333,0.292,0.238,0.966,0.354310401428572,0.6389288245,1.426458229,1.426458229,"MF","No"
"1110",0.666314702380952,4.62931025,1.445619875,0.344,0.308,0.946,0.229212257619047,1.425827557,1.36755640175,1.425827557,"CL","No"
"571",3.90615436904762,5.75795041666667,1.72463432142857,0.364,0.094,0.73,1.42184019033333,0.541247339166667,1.25898305464286,1.42184019033333,"CC","No"
"768",0.776308964285714,2.32885060714286,1.64225655952381,0.292,0.084,0.856,0.226682217571428,0.195623451,1.40577161495238,1.40577161495238,"MF","No"
"1444",0.432814916666667,2.58179625,1.43588739285714,0.268,0.144,0.976,0.115994397666667,0.37177866,1.40142609542857,1.40142609542857,"MF","No"
"1047",3.93191920238095,2.50140816666667,0.936039148809524,0.356,0.226,0.97,1.39976323604762,0.565318245666667,0.907957974345238,1.39976323604762,"CC","No"
"312",3.24003553571428,1.47576453571429,0.423653696428572,0.432,0.258,0.908,1.39969535142857,0.380747250214286,0.384677556357143,1.39969535142857,"CC","No"
"7",1.47782471428571,3.86381961904762,0.67840875,0.322,0.362,0.95,0.475859558,1.39870270209524,0.6444883125,1.39870270209524,"CL","No"
"1360",2.42891960714286,5.36617442857143,1.24363111904762,0.296,0.258,0.852,0.718960203714285,1.38447300257143,1.05957371342857,1.38447300257143,"CL","No"
"1249",2.40221957142857,3.18837820238095,0.453263827380953,0.576,0.102,0.884,1.38367847314286,0.325214576642857,0.400685223404762,1.38367847314286,"CC","No"
"1465",0.739322476190476,3.60636219047619,1.39246607142857,0.256,0.136,0.984,0.189266553904762,0.490465257904762,1.37018661428571,1.37018661428571,"MF","No"
"426",1.06349061904762,1.97011486904762,1.39917442857143,0.3,0.128,0.978,0.319047185714285,0.252174703238095,1.36839259114286,1.36839259114286,"MF","No"
"565",1.30927391666667,1.49676255952381,1.36673530952381,0.348,0.152,0.99,0.455627323,0.227507909047619,1.35306795642857,1.35306795642857,"MF","No"
"309",1.34220819047619,1.24099454761905,1.38567253571429,0.304,0.242,0.972,0.408031289904762,0.30032068052381,1.34687370471429,1.34687370471429,"MF","No"
"1594",2.01000251190476,4.39554914285714,1.67154260714286,0.662,0.224,0.798,1.33062166288095,0.984603007999999,1.3338910005,1.3338910005,"MF","No"
"1357",1.73953220238095,2.13599247619048,1.35183629761905,0.292,0.218,0.98,0.507943403095238,0.465646359809524,1.32479957166667,1.32479957166667,"MF","No"
"289",2.77263708333333,3.55012186904762,0.831274339285715,0.476,0.252,0.938,1.31977525166667,0.894630711,0.77973533025,1.31977525166667,"CC","No"
"325",2.28661367857143,4.72428321428571,1.02551233928571,0.214,0.278,0.604,0.489335327214286,1.31335073357143,0.619409452928571,1.31335073357143,"CL","No"
"180",2.44216814285714,5.55278611904763,0.717344839285714,0.334,0.236,0.964,0.815684159714286,1.31045752409524,0.691520425071428,1.31045752409524,"CL","No"
"1031",1.76672602380952,6.53196769047619,0.747040738095238,0.166,0.2,0.554,0.293276519952381,1.30639353809524,0.413860568904762,1.30639353809524,"CL","No"
"1120",1.70782778571429,2.06699208333333,0.471868,0.762,0.144,0.796,1.30136477271429,0.29764686,0.375606928,1.30136477271429,"CC","No"
"752",1.66520970238095,1.21385051190476,1.15812188095238,0.77,0.058,0.806,1.28221147083333,0.0704033296904762,0.933446236047619,1.28221147083333,"CC","No"
"355",0.624653407091447,0.662729706582633,1.31875960372522,0.256,0.154,0.97,0.15991127221541,0.102060374813725,1.27919681561347,1.27919681561347,"MF","No"
"1405",0.82049025,3.06497719047619,1.53743795833333,0.728,0.076,0.828,0.597316902,0.23293826647619,1.2729986295,1.2729986295,"MF","No"
"912",0.858478,2.14134932142857,1.29606258928571,0.314,0.156,0.982,0.269562092,0.334050494142857,1.27273346267857,1.27273346267857,"MF","No"
"765",1.61371429761905,3.01016404761905,1.33879972619048,0.368,0.308,0.948,0.59384686152381,0.927130526666667,1.26918214042857,1.26918214042857,"MF","No"
"798",1.42517970748299,1.5093775952381,1.29950897619048,0.28,0.254,0.974,0.399050318095238,0.383381909190476,1.26572174280952,1.26572174280952,"MF","No"
"539",2.50097061904762,2.42189975,1.2872598452381,0.322,0.114,0.978,0.805312539333333,0.2760965715,1.25894012864286,1.25894012864286,"MF","No"
"1310",4.26173258333333,2.43892526190476,0.271389172619048,0.292,0.164,0.96,1.24442591433333,0.399983742952381,0.260533605714286,1.24442591433333,"CC","No"
"1037",1.93353764285714,3.61861051190476,0.945322773809524,0.372,0.342,0.806,0.719276003142857,1.23756479507143,0.761930155690476,1.23756479507143,"CL","No"
"987",0.473180321428571,2.49537465476191,1.42663746428571,0.196,0.24,0.866,0.0927433429999999,0.598889917142857,1.23546804407143,1.23546804407143,"MF","No"
"419",0.860003059523809,1.78017178571429,1.2704990297619,0.324,0.228,0.97,0.278640991285714,0.405879167142857,1.23238405886905,1.23238405886905,"MF","No"
"1172",1.32930129761905,4.36503329761905,0.537590196428572,0.132,0.282,0.966,0.175467771285714,1.23093938992857,0.51931212975,1.23093938992857,"CL","No"
"1192",4.77197725,6.60121903571429,1.75310138095238,0.164,0.186,0.352,0.782604269,1.22782674064286,0.617091686095238,1.22782674064286,"CL","No"
"794",2.09152645238095,5.51455589285714,1.84664521428571,0.586,0.122,0.498,1.22563450109524,0.672775818928571,0.919629316714285,1.22563450109524,"CC","No"
"965",0.604074035714286,2.56711866666667,1.36544863690476,0.478,0.446,0.888,0.288747389071429,1.14493492533333,1.21251838957143,1.21251838957143,"MF","No"
"1102",1.91898495238095,4.21667434523809,1.26006548214286,0.324,0.224,0.958,0.621751124571429,0.944535053333333,1.20714273189286,1.20714273189286,"MF","No"
"11",1.20278732142857,1.357271,1.24911498809524,0.4,0.114,0.964,0.481114928571429,0.154728894,1.20414684852381,1.20414684852381,"MF","No"
"976",1.59749397619048,4.06610254761905,0.253498761904762,0.382,0.296,0.964,0.610242698904762,1.20356635409524,0.24437280647619,1.20356635409524,"CL","No"
"119",1.88193658333333,4.10903010714286,0.793511482142857,0.354,0.292,0.96,0.6662055505,1.19983679128571,0.761771022857143,1.19983679128571,"CL","No"
"1448",0.279828130952381,3.52476453571429,1.23491952380952,0.28,0.312,0.964,0.0783518766666667,1.09972653514286,1.19046242095238,1.19046242095238,"MF","No"
"141",2.60822613095238,4.15822935714286,1.40314986309524,0.38,0.26,0.848,0.991125929761905,1.08113963285714,1.18987108390476,1.18987108390476,"MF","No"
"854",2.74705741666667,2.32666661904762,1.26035925,0.406,0.182,0.942,1.11530531116667,0.423453324666667,1.1872584135,1.1872584135,"MF","No"
"1441",1.99535011904762,3.00308488095238,1.30347088690476,0.282,0.16,0.902,0.562688733571428,0.480493580952381,1.1757307399881,1.1757307399881,"MF","No"
"1482",0.514230988095238,1.99557416666667,1.18708639880952,0.324,0.28,0.982,0.166610840142857,0.558760766666666,1.16571884363095,1.16571884363095,"MF","No"
"811",0.477611619047619,5.03364007142857,1.17752266071429,0.296,0.194,0.982,0.141373039238095,0.976526173857143,1.15632725282143,1.15632725282143,"MF","No"
"89",2.64375034523809,4.98142467857143,0.343184458333333,0.34,0.232,0.732,0.898875117380952,1.15569052542857,0.2512110235,1.15569052542857,"CL","No"
"1173",2.0651828452381,1.55146261904762,1.19485509523809,0.276,0.186,0.966,0.569990465285714,0.288572047142857,1.154230022,1.154230022,"MF","No"
"228",1.29999385714286,4.1725225952381,1.4796964047619,0.774,0.174,0.778,1.00619524542857,0.726018931571429,1.15120380290476,1.15120380290476,"MF","No"
"909",1.19380066666667,2.07182866666667,1.98900205952381,0.192,0.142,0.578,0.229209728,0.294199670666667,1.14964319040476,1.14964319040476,"MF","No"
"817",0.923767880952381,5.05219126190476,0.613762297619047,0.268,0.224,0.982,0.247569792095238,1.13169084266667,0.602714576261905,1.13169084266667,"CL","No"
"1420",0.672323285714286,1.71072813095238,1.13872072619048,0.282,0.132,0.984,0.189595166571429,0.225816113285714,1.12050119457143,1.12050119457143,"MF","No"
"1095",1.62918533333333,5.2746715952381,0.995296220238095,0.086,0.212,0.734,0.140109938666667,1.11823037819048,0.730547425654762,1.11823037819048,"CL","No"
"1201",2.65626035714286,2.00407877380952,0.536815375,0.42,0.32,0.93,1.11562935,0.641305207619048,0.49923829875,1.11562935,"CC","No"
"305",0.853652067764107,0.797272075630252,1.15697730015379,0.27,0.186,0.964,0.230486058296309,0.148292606067227,1.11532611734826,1.11532611734826,"MF","No"
"333",0.949063071428572,4.76366451190476,0.24292575,0.306,0.232,0.962,0.290413299857143,1.1051701667619,0.2336945715,1.1051701667619,"CL","No"
"1370",0.909998369047618,2.34481855952381,1.27747196428571,0.288,0.058,0.864,0.262079530285714,0.135999476452381,1.10373577714286,1.10373577714286,"MF","No"
"1271",2.13064271428571,2.92367516666667,1.20199958333333,0.462,0.326,0.912,0.984356934,0.953118104333333,1.09622362,1.09622362,"MF","No"
"894",4.97801242857143,2.29715004761905,0.821410464285714,0.22,0.294,0.672,1.09516273428571,0.675362114,0.551987832,1.09516273428571,"CC","No"
"63",1.32906320238095,2.78602471428571,0.994725523809524,0.824,0.04,0.69,1.09514807876191,0.111440988571429,0.686360611428572,1.09514807876191,"CC","No"
"945",0.581639119047619,3.89495715476191,1.1152750297619,0.258,0.214,0.976,0.150062892714286,0.833520831119048,1.08850842904762,1.08850842904762,"MF","No"
"201",2.82067632142857,1.5304116547619,1.17975863690476,0.362,0.184,0.92,1.02108482835714,0.281595744476191,1.08537794595238,1.08537794595238,"MF","No"
"1512",0.55912644047619,2.13283320238095,1.14574171428571,0.346,0.358,0.946,0.193457748404762,0.763554286452381,1.08387166171429,1.08387166171429,"MF","No"
"1447",2.08989701190476,2.75106476190476,1.83561951190476,0.23,0.188,0.582,0.480676312738095,0.517200175238095,1.06833055592857,1.06833055592857,"MF","No"
"654",0.852565809523809,2.66066590476191,0.867059595238095,0.324,0.398,0.928,0.276231322285714,1.05894503009524,0.804631304380952,1.05894503009524,"CL","No"
"664",1.44375614285714,2.38261830952381,1.09589881547619,0.362,0.246,0.966,0.522639723714285,0.586124104142857,1.05863825575,1.05863825575,"MF","No"
"1082",2.8856645,2.58414896428572,0.754129273809524,0.366,0.3,0.968,1.056153207,0.775244689285715,0.729997137047619,1.056153207,"CC","No"
"861",1.42349961904762,1.38355270238095,1.08457258333333,0.312,0.136,0.972,0.444131881142857,0.18816316752381,1.054204551,1.054204551,"MF","No"
"1063",3.00605225,3.7731728452381,0.440659136904762,0.252,0.278,0.586,0.757525167,1.04894205097619,0.25822625422619,1.04894205097619,"CL","No"
"1124",1.26061778571429,7.0286435952381,0.770467357142857,0.316,0.148,0.956,0.398355220285714,1.04023925209524,0.736566793428571,1.04023925209524,"CL","No"
"1374",2.74004928571428,3.55518176190476,0.834699833333333,0.332,0.292,0.892,0.909696362857142,1.03811307447619,0.744552251333333,1.03811307447619,"CL","No"
"74",1.63760633333333,1.54719023809524,1.21700368452381,0.45,0.128,0.852,0.736922849999999,0.19804035047619,1.03688713921429,1.03688713921429,"MF","No"
"1609",0.980121738095239,2.64295155952381,1.05583377380952,0.284,0.16,0.98,0.278354573619048,0.422872249523809,1.03471709833333,1.03471709833333,"MF","No"
"991",0.374597952380952,1.61250385714286,1.05511335119048,0.35,0.366,0.98,0.131109283333333,0.590176411714286,1.03401108416667,1.03401108416667,"MF","No"
"199",0.576491535714286,2.39124127380952,1.49192426785714,0.224,0.388,0.692,0.129134104,0.927801614238095,1.03241159335714,1.03241159335714,"MF","No"
"1050",2.12586733333333,5.32140663095239,0.4506145,0.23,0.194,0.968,0.488949486666666,1.03235288640476,0.436194836,1.03235288640476,"CL","No"
"468",2.00878259523809,1.54140457142857,1.07360735119048,0.418,0.15,0.96,0.839671124809523,0.231210685714286,1.03066305714286,1.03066305714286,"MF","No"
"1578",0.804674345238095,2.00609975,1.04916370833333,0.284,0.168,0.982,0.228527514047619,0.337024758,1.03027876158333,1.03027876158333,"MF","No"
"1026",3.45442314042954,1.2146155952381,0.626771907296651,0.298,0.148,0.97,1.029418095848,0.179763108095238,0.607968750077751,1.029418095848,"CC","No"
"293",1.39032270238095,4.52926665476191,0.846056357142856,0.344,0.224,0.95,0.478271009619047,1.01455573066667,0.803753539285713,1.01455573066667,"CL","No"
"1422",1.90556041666667,2.52194589285714,1.03741930952381,0.438,0.232,0.968,0.8346354625,0.585091447142857,1.00422189161905,1.00422189161905,"MF","No"
"696",0.704024642857143,3.71371529761905,0.761358244047619,0.188,0.27,0.516,0.132356632857143,1.00270313035714,0.392860853928571,1.00270313035714,"CL","No"
"1421",1.39201694047619,2.04445558333333,0.560361404761905,0.532,0.49,0.856,0.740553012333333,1.00178323583333,0.479669362476191,1.00178323583333,"CL","No"
"318",3.36608995238095,4.53332638095238,1.07204462374687,0.274,0.204,0.93,0.922308646952381,0.924798581714285,0.997001500084587,0.997001500084587,"MF","No"
"1503",1.67116945238095,2.48014704761905,1.1557011547619,0.38,0.08,0.846,0.635044391904762,0.198411763809524,0.977723176928571,0.977723176928571,"MF","No"
"677",2.21369777380952,4.44011819047619,0.456794779761905,0.306,0.216,0.958,0.677391518785714,0.959065529142857,0.437609399011905,0.959065529142857,"CL","No"
"511",0.730843119047618,3.61235730952381,1.04718610119048,0.288,0.224,0.906,0.210482818285714,0.809168037333333,0.948750607678572,0.948750607678572,"MF","No"
"1021",1.07115169047619,4.17269330952381,0.967938181106174,0.26,0.16,0.972,0.27849943952381,0.66763092952381,0.940835912035202,0.940835912035202,"MF","No"
"356",2.02238123809524,3.48640370238095,1.0002949047619,0.396,0.166,0.938,0.800862970285714,0.578743014595238,0.938276620666666,0.938276620666666,"MF","No"
"183",2.65051791666667,3.7197221547619,0.893993916666667,0.352,0.22,0.958,0.932982306666666,0.818338874047619,0.856446172166667,0.932982306666666,"CC","No"
"406",1.2587976547619,1.52206503571429,0.958539511904762,0.266,0.162,0.96,0.334840176166667,0.246574535785714,0.920197931428571,0.920197931428571,"MF","No"
"647",0.968502357142857,0.973965452380952,0.935996089285714,0.29,0.122,0.98,0.280865683571429,0.118823785190476,0.9172761675,0.9172761675,"MF","No"
"1237",1.36574717857143,4.3122794047619,0.603166839285714,0.262,0.21,0.602,0.357825760785714,0.905578675,0.36310643725,0.905578675,"CL","No"
"1010",2.98462239285714,1.83938216666667,0.942486166666666,0.302,0.18,0.856,0.901355962642857,0.33108879,0.806768158666666,0.901355962642857,"CC","No"
"430",1.71145955952381,1.67179282142857,0.919142702380953,0.296,0.172,0.976,0.506592029619048,0.287548365285714,0.89708327752381,0.89708327752381,"MF","No"
"1326",0.709000928571428,4.20226228571429,0.459916279761905,0.272,0.212,0.878,0.192848252571429,0.890879604571429,0.403806493630952,0.890879604571429,"CL","No"
"369",1.52306582142857,0.599349619047619,1.01802400595238,0.244,0.116,0.874,0.371628060428571,0.0695245558095238,0.889752981202381,0.889752981202381,"MF","No"
"676",2.09859789285714,3.55222538095238,1.17204326190476,0.372,0.188,0.75,0.780678416142857,0.667818371619048,0.879032446428572,0.879032446428572,"MF","No"
"260",3.00214992857143,3.29821720238095,0.534500660714286,0.29,0.246,0.978,0.870623479285714,0.811361431785714,0.522741646178571,0.870623479285714,"CC","No"
"1009",0.948172023809523,2.12398671428571,0.898995458333333,0.452,0.204,0.968,0.428573754761904,0.433293289714286,0.870227603666667,0.870227603666667,"MF","No"
"332",1.61467472619048,0.898893928571428,0.881021904761905,0.312,0.12,0.984,0.503778514571429,0.107867271428571,0.866925554285714,0.866925554285714,"MF","No"
"829",2.59427842857143,2.42593782142857,0.978476327380952,0.332,0.278,0.74,0.861300438285714,0.674410714357143,0.724072482261904,0.861300438285714,"CC","No"
"266",0.955705238095238,2.50655409523809,0.88468419047619,0.298,0.1,0.97,0.284800160952381,0.250655409523809,0.858143664761904,0.858143664761904,"MF","No"
"538",1.45807704761905,2.96709545238095,0.987275583333333,0.352,0.192,0.86,0.513243120761905,0.569682326857143,0.849057001666667,0.849057001666667,"MF","No"
"176",1.5288323452381,2.47573721428571,0.886179821428572,0.36,0.274,0.954,0.550379644285714,0.678351996714286,0.845415549642857,0.845415549642857,"MF","No"
"1566",2.32934208333333,1.40419758333333,0.69900749404762,0.36,0.108,0.97,0.83856315,0.151653339,0.678037269226191,0.83856315,"CC","No"
"656",0.597470202380952,2.29422407142857,0.940020970238095,0.458,0.194,0.89,0.273641352690476,0.445079469857143,0.836618663511905,0.836618663511905,"MF","No"
"870",2.15542876190476,2.41964753571428,0.850538285714285,0.338,0.234,0.978,0.728534921523809,0.566197523357143,0.831826443428571,0.831826443428571,"MF","No"
"98",2.29115385714286,2.64813019047619,0.392573589285714,0.36,0.212,0.982,0.824815388571429,0.561403600380952,0.385507264678571,0.824815388571429,"CC","No"
"423",1.29460870238095,2.78094075,0.730548023809524,0.312,0.296,0.964,0.403917915142857,0.823158462,0.704248294952381,0.823158462,"CL","No"
"105",1.20972922619048,3.38939626190476,0.690446184523809,0.338,0.24,0.97,0.408888478452381,0.813455102857143,0.669732798988095,0.813455102857143,"CL","No"
"667",0.948994476190476,1.55474894047619,0.839297541666666,0.316,0.162,0.964,0.29988225447619,0.251869328357143,0.809082830166666,0.809082830166666,"MF","No"
"59",0.661267559523809,3.33738939285714,0.233471916666667,0.368,0.242,0.912,0.243346461904762,0.807648233071429,0.212926388,0.807648233071429,"CL","No"
"1433",1.13728435714286,2.10002577380952,0.825215755952381,0.314,0.172,0.972,0.357107288142857,0.361204433095238,0.802109714785714,0.802109714785714,"MF","No"
"513",1.87357961904762,1.81685697619048,0.807373077380953,0.29,0.206,0.98,0.543338089523809,0.374272537095238,0.791225615833334,0.791225615833334,"MF","No"
"70",0.60219019047619,2.56617278571429,0.820511172619048,0.288,0.204,0.956,0.173430774857143,0.523499248285714,0.784408681023809,0.784408681023809,"MF","No"
"1493",0.623131857142857,4.65803085714286,0.19569381547619,0.722,0.168,0.846,0.449901200857143,0.782549184,0.165556967892857,0.782549184,"CL","No"
"458",0.517137892857143,2.66129842857143,0.29312725,0.286,0.294,0.956,0.147901437357143,0.782421738000001,0.280229651,0.782421738000001,"CL","No"
"124",2.16410079761905,1.63005872619048,0.290405178571429,0.36,0.114,0.98,0.779076287142857,0.185826694785714,0.284597075,0.779076287142857,"CC","No"
"165",1.26868182142857,1.57062028571429,0.816355648809523,0.284,0.228,0.952,0.360305637285714,0.358101425142857,0.777170577666666,0.777170577666666,"MF","No"
"1606",0.749019738095238,0.922717642857142,0.870292428571428,0.258,0.156,0.892,0.193247092428571,0.143943952285714,0.776300846285714,0.776300846285714,"MF","No"
"345",0.948182119047619,3.21228732142857,0.66295044047619,0.816,0.07,0.756,0.773716609142857,0.2248601125,0.501190533,0.773716609142857,"CC","No"
"1105",1.44854339285714,3.77843002380952,0.172826732142857,0.53,0.198,0.872,0.767727998214286,0.748129144714286,0.150704910428571,0.767727998214286,"CC","No"
"207",1.40633973809524,0.757196011904762,0.782525321428571,0.266,0.226,0.978,0.374086370333333,0.171126298690476,0.765309764357142,0.765309764357142,"MF","No"
"1540",1.56837213095238,1.53774566666667,0.781644154761905,0.346,0.108,0.978,0.542656757309524,0.166076532,0.764447983357143,0.764447983357143,"MF","No"
"1281",1.62453677380952,0.882694095238095,0.523097392857143,0.468,0.136,0.882,0.760283210142857,0.120046396952381,0.4613719005,0.760283210142857,"CC","No"
"1074",0.741818238095238,1.163739,0.78808657142857,0.266,0.144,0.964,0.197323651333333,0.167578416,0.759715454857142,0.759715454857142,"MF","No"
"175",2.68922982142857,1.97073607142857,1.26179841071429,0.17,0.186,0.602,0.457169069642857,0.366556909285714,0.75960264325,0.75960264325,"MF","No"
"1466",1.43983021428571,1.20354923809524,0.75307731547619,0.36,0.12,0.982,0.518338877142857,0.144425908571429,0.739521923797619,0.739521923797619,"MF","No"
"1090",2.15798877380952,1.9055369047619,0.671400904761904,0.338,0.224,0.924,0.729400205547619,0.426840266666667,0.620374436,0.729400205547619,"CC","No"
"1234",1.05177813095238,3.211808,0.596790297619048,0.32,0.226,0.966,0.336569001904762,0.725868608,0.5764994275,0.725868608,"CL","No"
"1174",1.38657813095238,1.62584057142857,0.787219767857143,0.446,0.296,0.92,0.618413846404762,0.481248809142858,0.724242186428571,0.724242186428571,"MF","No"
"1039",1.97021767857143,2.54286633333333,0.683172690476191,0.366,0.184,0.976,0.721099670357144,0.467887405333333,0.666776545904762,0.721099670357144,"CC","No"
"54",0.85144819047619,2.99891795238095,1.27151417857143,0.184,0.192,0.558,0.156666467047619,0.575792246857143,0.709504911642857,0.709504911642857,"MF","No"
"1478",0.884228047619048,3.08435488095238,0.389369732142857,0.192,0.23,0.98,0.169771785142857,0.709401622619048,0.3815823375,0.709401622619048,"CL","No"
"1089",1.61661782142857,1.74080258333333,0.787755416666666,0.42,0.104,0.894,0.678979485,0.181043468666667,0.7042533425,0.7042533425,"MF","No"
"778",1.05214714285714,3.58305039285714,0.719536613095238,0.396,0.184,0.968,0.416650268571429,0.659281272285715,0.69651144147619,0.69651144147619,"MF","No"
"1366",1.41713254761905,2.960161,0.277042583333333,0.336,0.232,0.932,0.476156536,0.686757352,0.258203687666667,0.686757352,"CL","No"
"409",2.06589021428571,2.74722811904762,0.56156594047619,0.332,0.156,0.976,0.685875551142857,0.428567586571428,0.548088357904762,0.685875551142857,"CC","No"
"1049",1.56026741666667,2.85705294047619,0.403447886904762,0.292,0.24,0.964,0.455598085666667,0.685692705714285,0.388923762976191,0.685692705714285,"CL","No"
"626",1.22632310714286,1.5832545,0.681689172619047,0.334,0.176,0.982,0.409591917785715,0.278652792,0.669418767511905,0.669418767511905,"MF","No"
"1153",0.854423714285714,1.19428963095238,0.679971017857143,0.286,0.132,0.984,0.244365182285714,0.157646231285714,0.669091481571429,0.669091481571429,"MF","No"
"738",1.13268528571429,3.5264418452381,0.679416410714286,0.288,0.166,0.974,0.326213362285715,0.585389346309524,0.661751584035714,0.661751584035714,"MF","No"
"660",0.842739404761905,4.08236794047619,0.630781482142857,0.346,0.162,0.97,0.291587834047619,0.661343606357143,0.611858037678571,0.661343606357143,"CL","No"
"429",1.75417607142857,2.60295988095238,0.744168851190476,0.242,0.216,0.888,0.424510609285714,0.562239334285714,0.660821939857143,0.660821939857143,"MF","No"
"357",1.69776246428571,1.14435351190476,0.675465410714285,0.264,0.142,0.976,0.448209290571428,0.162498198690476,0.659254240857142,0.659254240857142,"MF","No"
"949",0.794455369047619,2.40276033333333,1.10744760119048,0.384,0.208,0.594,0.305070861714286,0.499774149333333,0.657823875107143,0.657823875107143,"MF","No"
"1139",2.18094228446752,2.60034042086835,0.527548943010936,0.296,0.162,0.97,0.645558916202385,0.421255148180672,0.511722474720608,0.645558916202385,"CC","No"
"787",1.48213522619048,4.07476534523809,0.604303761904762,0.258,0.158,0.972,0.382390888357143,0.643812924547619,0.587383256571428,0.643812924547619,"CL","No"
"1314",1.44683872619048,3.03127158333333,0.480052928571429,0.396,0.208,0.97,0.572948135571429,0.630504489333333,0.465651340714286,0.630504489333333,"CL","No"
"652",0.894738345238095,3.28352878571428,0.664563934523809,0.402,0.1,0.944,0.359684814785714,0.328352878571428,0.627348354190476,0.627348354190476,"MF","No"
"1126",0.448857702380952,2.82100423809524,0.632660386904762,0.272,0.158,0.98,0.122089295047619,0.445718669619048,0.620007179166667,0.620007179166667,"MF","No"
"24",1.57196121428571,1.08218953571429,0.650109494047619,0.274,0.264,0.95,0.430717372714286,0.285698037428571,0.617604019345238,0.617604019345238,"MF","No"
"152",1.06809214285714,1.10461602380952,0.628196976190476,0.354,0.098,0.958,0.378104618571429,0.108252370333333,0.601812703190476,0.601812703190476,"MF","No"
"1509",1.19581788095238,1.52160748809524,0.641177904761905,0.434,0.192,0.932,0.518984960333333,0.292148637714286,0.597577807238095,0.597577807238095,"MF","No"
"1475",0.911150845238095,0.94612075,0.611432410714285,0.32,0.162,0.972,0.29156827047619,0.1532715615,0.594312303214285,0.594312303214285,"MF","No"
"1086",0.395464214285714,2.48857994047619,0.608375720238095,0.254,0.2,0.974,0.100447910428571,0.497715988095238,0.592557951511905,0.592557951511905,"MF","No"
"595",1.32763404761905,4.46888121428571,0.410301797619048,0.316,0.132,0.954,0.419532359047619,0.589892320285714,0.391427914928572,0.589892320285714,"CL","No"
"669",0.949568988095237,1.63072228571429,0.590610821428572,0.366,0.142,0.986,0.347542249642857,0.231562564571429,0.582342269928572,0.582342269928572,"MF","No"
"1138",1.3379603452381,2.04033596428571,0.607683297619048,0.36,0.242,0.954,0.481665724285714,0.493761303357143,0.579729865928572,0.579729865928572,"MF","No"
"685",1.45647926190476,2.39563326190476,0.382914767857143,0.394,0.194,0.97,0.573852829190476,0.464752852809524,0.371427324821429,0.573852829190476,"CC","No"
"1562",0.762635345238096,2.61171423809524,0.586753642857143,0.316,0.132,0.978,0.240992769095238,0.344746279428572,0.573845062714286,0.573845062714286,"MF","No"
"471",1.66736220238095,2.88112361904762,0.322312982142857,0.316,0.198,0.952,0.526886455952381,0.570462476571428,0.306841959,0.570462476571428,"CL","No"
"983",1.06081507142857,1.0377343452381,0.581734583333333,0.434,0.13,0.978,0.460393741,0.134905464880952,0.5689364225,0.5689364225,"MF","No"
"820",1.29402701190476,1.06890391666667,0.574587988095238,0.33,0.176,0.98,0.427028913928572,0.188127089333333,0.563096228333334,0.563096228333334,"MF","No"
"263",1.63853096428572,1.37752167857143,0.559318333333334,0.34,0.178,0.97,0.557100527857143,0.245198858785714,0.542538783333334,0.557100527857143,"CC","No"
"972",1.16376110714286,2.46007795238095,0.525307994047619,0.428,0.22,0.932,0.498089753857143,0.541217149523809,0.489587050452381,0.541217149523809,"CL","No"
"1501",1.62525505952381,1.72268558333333,0.476716416666667,0.328,0.144,0.974,0.53308365952381,0.248066724,0.464321789833333,0.53308365952381,"CC","No"
"1498",0.671543166666667,2.28172172619048,0.400788113095238,0.18,0.232,0.976,0.12087777,0.52935944047619,0.391169198380952,0.52935944047619,"CL","No"
"367",0.939484261904762,2.21333483333333,0.440722773809524,0.268,0.234,0.98,0.251781782190476,0.517920351,0.431908318333333,0.517920351,"CL","No"
"887",0.362577083333333,1.48582666666667,0.225767160714286,0.294,0.346,0.852,0.1065976625,0.514096026666667,0.192353620928571,0.514096026666667,"CL","No"
"138",1.28576011904762,1.35880657142857,0.523519035714286,0.28,0.148,0.982,0.360012833333334,0.201103372571429,0.514095693071429,0.514095693071429,"MF","No"
"1507",0.743914285714286,1.51265546428571,0.529610470238095,0.434,0.188,0.968,0.3228588,0.284379227285714,0.512662935190476,0.512662935190476,"MF","No"
"1304",1.14525882142857,2.44591583333333,0.533783113095238,0.378,0.142,0.954,0.4329078345,0.347320048333333,0.509229089892857,0.509229089892857,"MF","No"
"1244",1.29471172612361,1.61858670658263,0.236416278508772,0.276,0.314,0.96,0.357340436410115,0.508236225866947,0.226959627368421,0.508236225866947,"CL","No"
"807",1.26780417857143,1.49249345238095,0.51008043452381,0.294,0.178,0.976,0.3727344285,0.26566383452381,0.497838504095238,0.497838504095238,"MF","No"
"1446",1.09134099001249,0.746362301820728,0.506595921365915,0.276,0.254,0.968,0.301210113243448,0.189576024662465,0.490384851882205,0.490384851882205,"MF","No"
"1250",1.2745785952381,2.20569930952381,0.400067821428571,0.322,0.222,0.978,0.410414307666667,0.489665246714286,0.391266329357143,0.489665246714286,"CL","No"
"1114",0.908739214285714,1.28649567857143,0.866526720238095,0.2,0.094,0.552,0.181747842857143,0.120930593785714,0.478322749571429,0.478322749571429,"MF","No"
"223",1.00019311904762,0.889705523809524,0.490425452380953,0.268,0.15,0.974,0.268051755904762,0.133455828571429,0.477674390619048,0.477674390619048,"MF","No"
"270",1.06483914285714,1.90093321428571,0.477787279761905,0.282,0.2,0.974,0.300284638285714,0.380186642857143,0.465364810488095,0.465364810488095,"MF","No"
"55",1.39926142857143,1.73242217857143,0.473310136904762,0.312,0.224,0.974,0.436569565714286,0.388062568,0.461004073345238,0.461004073345238,"MF","No"
"1024",0.859043976190477,1.71209079761905,0.472441583333333,0.298,0.118,0.972,0.255995104904762,0.202026714119048,0.459213219,0.459213219,"MF","No"
"577",0.728604869047619,2.43929395238095,0.335558970238095,0.302,0.188,0.974,0.220038670452381,0.458587263047619,0.326834437011905,0.458587263047619,"CL","No"
"144",0.345988226190476,0.780023249999999,0.465962976190476,0.298,0.14,0.976,0.103104491404762,0.109203255,0.454779864761905,0.454779864761905,"MF","No"
"487",1.18042446428572,1.70274013095238,0.802781857142857,0.224,0.138,0.564,0.26441508,0.234978138071429,0.452768967428571,0.452768967428571,"MF","No"
"844",0.60917675,2.35883691666667,0.458715244047619,0.29,0.138,0.978,0.1766612575,0.3255194945,0.448623508678571,0.448623508678571,"MF","No"
"783",1.00862841666667,3.12777175,0.460434494047619,0.288,0.118,0.972,0.290484984,0.3690770665,0.447542328214286,0.447542328214286,"MF","No"
"974",0.737112583333333,2.90465477380952,0.401974148809524,0.41,0.152,0.912,0.302216159166666,0.441507525619047,0.366600423714286,0.441507525619047,"CL","No"
"1336",0.860804333333333,2.22728696428571,0.454307702380953,0.31,0.182,0.97,0.266849343333333,0.4053662275,0.440678471309524,0.440678471309524,"MF","No"
"257",0.523570166666667,1.08930605952381,0.783098666666667,0.168,0.142,0.56,0.087959788,0.154681460452381,0.438535253333333,0.438535253333333,"MF","No"
"62",0.488626047619047,3.05995288095238,0.275100261904762,0.302,0.132,0.974,0.147565066380952,0.403913780285714,0.267947655095238,0.403913780285714,"CL","No"
"1520",0.598803761904762,2.56505536904762,0.321573351190476,0.3,0.156,0.982,0.179641128571428,0.400148637571429,0.315785030869048,0.400148637571429,"CL","No"
"1028",0.413745011904762,0.947872035714285,0.406889529761905,0.28,0.192,0.98,0.115848603333333,0.181991430857143,0.398751739166667,0.398751739166667,"MF","No"
"1319",0.444733035714285,1.94318207142857,0.373410476190476,0.276,0.204,0.974,0.122746317857143,0.396409142571429,0.363701803809524,0.396409142571429,"CL","No"
"364",0.805775285714285,1.38135698809524,0.413248101190476,0.284,0.128,0.936,0.228840181142857,0.17681369447619,0.386800222714286,0.386800222714286,"MF","No"
"1004",1.00158242857143,1.48949691666667,0.375495726190476,0.302,0.16,0.97,0.302477893428572,0.238319506666667,0.364230854404762,0.364230854404762,"MF","No"
"994",1.20806702380952,1.34346552380952,0.426290892857143,0.234,0.134,0.854,0.282687683571429,0.180024380190476,0.3640524225,0.3640524225,"MF","No"
"625",0.632931059523809,1.37784738095238,0.372528279761905,0.312,0.126,0.966,0.197474490571428,0.17360877,0.35986231825,0.35986231825,"MF","No"
"396",0.8509445,2.22348048809524,0.238112690476191,0.362,0.154,0.928,0.308041909,0.342415995166667,0.220968576761905,0.342415995166667,"CL","No"
"1407",0.505971821428571,2.44182702380952,0.247761755952381,0.264,0.132,0.986,0.133576560857143,0.322321167142857,0.244293091369048,0.322321167142857,"CL","No"
"586",0.396390059523809,0.450281928571428,0.254903125,0.27,0.15,0.968,0.107025316071429,0.0675422892857142,0.246746225,0.246746225,"MF","No"
"899",0.716312297619047,1.99475119047619,0.116152345238095,0.288,0.112,0.982,0.206297941714286,0.223412133333333,0.11406160302381,0.223412133333333,"CL","No"
